<?xml version="1.0" encoding="UTF-8"?>

<Patient xmlns="http://hl7.org/fhir">
  <id value="pat1"/>
  <text>
    <status value="generated"/><div xmlns="http://www.w3.org/1999/xhtml"><p class="res-header-id"><b>Generated Narrative: Patient pat1</b></p><a name="pat1"> </a><a name="hcpat1"> </a><a name="pat1-en-US"> </a><p style="border: 1px #661aff solid; background-color: #e6e6ff; padding: 10px;">Taavi Kask  (no stated gender), DoB Unknown</p><hr/></div>
  </text>
  <name>
    <family value="Kask"/>
    <given value="Taavi"/>
  </name>
</Patient>