<?xml version="1.0" encoding="UTF-8"?>

<ValueSet xmlns="http://hl7.org/fhir">
  <id value="ee-health-certificate-occupational-medical-restriction"/>
  <text>
    <status value="generated"/><div xmlns="http://www.w3.org/1999/xhtml"><p class="res-header-id"><b>Generated Narrative: ValueSet ee-health-certificate-occupational-medical-restriction</b></p><a name="ee-health-certificate-occupational-medical-restriction"> </a><a name="hcee-health-certificate-occupational-medical-restriction"> </a><a name="ee-health-certificate-occupational-medical-restriction-en-US"> </a><ul><li>Include these codes as defined in <a href="CodeSystem-ee-health-certificate-restriction.html"><code>https://fhir.ee/hcert/CodeSystem/ee-health-certificate-restriction</code></a><table class="none"><tr><td style="white-space:nowrap"><b>Code</b></td><td><b>Display</b></td></tr><tr><td><a href="CodeSystem-ee-health-certificate-restriction.html#ee-health-certificate-restriction-no-night-work">no-night-work</a></td><td style="color: #cccccc">Ei sobi öö töö</td></tr><tr><td><a href="CodeSystem-ee-health-certificate-restriction.html#ee-health-certificate-restriction-no-solo-work">no-solo-work</a></td><td style="color: #cccccc">Ei sobi töötama üksinda</td></tr><tr><td><a href="CodeSystem-ee-health-certificate-restriction.html#ee-health-certificate-restriction-limited-work-hours">limited-work-hours</a></td><td style="color: #cccccc">Lubatud tööpäeva pikkus kuni … tundi</td></tr><tr><td><a href="CodeSystem-ee-health-certificate-restriction.html#ee-health-certificate-restriction-no-heavy-lifting">no-heavy-lifting</a></td><td style="color: #cccccc">Vältida käsitsi raskuste teisaldamine üle … kg</td></tr><tr><td><a href="CodeSystem-ee-health-certificate-restriction.html#ee-health-certificate-restriction-no-height-work">no-height-work</a></td><td style="color: #cccccc">Ei ole lubatud töö kõrgustes … meetrit ja rohkem</td></tr><tr><td><a href="CodeSystem-ee-health-certificate-restriction.html#ee-health-certificate-restriction-no-electrical-work">no-electrical-work</a></td><td style="color: #cccccc">Ei ole lubatud töö pingestatud elektriseadmetega</td></tr><tr><td><a href="CodeSystem-ee-health-certificate-restriction.html#ee-health-certificate-restriction-no-moving-machinery">no-moving-machinery</a></td><td style="color: #cccccc">Ei ole lubatud töö liikuvate mehhanismidega ja nende läheduses (kuni … meetrit)</td></tr><tr><td><a href="CodeSystem-ee-health-certificate-restriction.html#ee-health-certificate-restriction-restricted-environmental-hazards">restricted-environmental-hazards</a></td><td style="color: #cccccc">Ei sobi töö järgmiste töökeskkonna ohuteguritega: ....</td></tr></table></li></ul></div>
  </text>
  <url value="https://fhir.ee/hcert/ValueSet/ee-health-certificate-occupational-medical-restriction"/>
  <version value="1.0.0"/>
  <name value="EEHealthCertificateOccupationalMedicalRestrictionVS"/>
  <title value="Töötervishoiu tervisetõendi meditsiiniline piirang"/>
  <status value="active"/>
  <experimental value="false"/>
  <date value="2025-01-27T10:00:30+00:00"/>
  <publisher value="TEHIK"/>
  <contact>
    <name value="TEHIK"/>
    <telecom>
      <system value="url"/>
      <value value="https://tehik.ee"/>
    </telecom>
    <telecom>
      <system value="email"/>
      <value value="abi@tehik.ee"/>
    </telecom>
  </contact>
  <description value="Piirangud töötamiseks"/>
  <jurisdiction>
    <coding>
      <system value="urn:iso:std:iso:3166"/>
      <code value="EST"/>
      <display value="Estonia"/>
    </coding>
  </jurisdiction>
  <compose>
    <include>
      <system value="https://fhir.ee/hcert/CodeSystem/ee-health-certificate-restriction"/>
      <concept>
        <code value="no-night-work"/>
      </concept>
      <concept>
        <code value="no-solo-work"/>
      </concept>
      <concept>
        <code value="limited-work-hours"/>
      </concept>
      <concept>
        <code value="no-heavy-lifting"/>
      </concept>
      <concept>
        <code value="no-height-work"/>
      </concept>
      <concept>
        <code value="no-electrical-work"/>
      </concept>
      <concept>
        <code value="no-moving-machinery"/>
      </concept>
      <concept>
        <code value="restricted-environmental-hazards"/>
      </concept>
    </include>
  </compose>
</ValueSet>