<?xml version="1.0" encoding="UTF-8"?>

<ValueSet xmlns="http://hl7.org/fhir">
  <id value="ee-health-certificate-driver-medical-restriction"/>
  <text>
    <status value="generated"/><div xmlns="http://www.w3.org/1999/xhtml"><p class="res-header-id"><b>Generated Narrative: ValueSet ee-health-certificate-driver-medical-restriction</b></p><a name="ee-health-certificate-driver-medical-restriction"> </a><a name="hcee-health-certificate-driver-medical-restriction"> </a><a name="ee-health-certificate-driver-medical-restriction-en-US"> </a><ul><li>Include these codes as defined in <a href="CodeSystem-ee-health-certificate-restriction.html"><code>https://fhir.ee/hcert/CodeSystem/ee-health-certificate-restriction</code></a><table class="none"><tr><td style="white-space:nowrap"><b>Code</b></td><td><b>Display</b></td></tr><tr><td><a href="CodeSystem-ee-health-certificate-restriction.html#ee-health-certificate-restriction-glasses">glasses</a></td><td style="color: #cccccc">prillid</td></tr><tr><td><a href="CodeSystem-ee-health-certificate-restriction.html#ee-health-certificate-restriction-contact-lenses">contact-lenses</a></td><td style="color: #cccccc">kontaktläätsed</td></tr><tr><td><a href="CodeSystem-ee-health-certificate-restriction.html#ee-health-certificate-restriction-sun-shade">sun-shade</a></td><td style="color: #cccccc">päikesevari</td></tr><tr><td><a href="CodeSystem-ee-health-certificate-restriction.html#ee-health-certificate-restriction-glasses-or-lenses">glasses-or-lenses</a></td><td style="color: #cccccc">prillid või kontaktläätsed</td></tr><tr><td><a href="CodeSystem-ee-health-certificate-restriction.html#ee-health-certificate-restriction-specific-optical-aid">specific-optical-aid</a></td><td style="color: #cccccc">petsiifiline optiline abivahend</td></tr><tr><td><a href="CodeSystem-ee-health-certificate-restriction.html#ee-health-certificate-restriction-hearing-aid">hearing-aid</a></td><td style="color: #cccccc">kuuldeaparaat / suhtlemise abivahend</td></tr><tr><td><a href="CodeSystem-ee-health-certificate-restriction.html#ee-health-certificate-restriction-arm-prosthesis">arm-prosthesis</a></td><td style="color: #cccccc">käeprotees/-ortoos</td></tr><tr><td><a href="CodeSystem-ee-health-certificate-restriction.html#ee-health-certificate-restriction-leg-prosthesis">leg-prosthesis</a></td><td style="color: #cccccc">jalaprotees/-ortoos</td></tr><tr><td><a href="CodeSystem-ee-health-certificate-restriction.html#ee-health-certificate-restriction-daytime-driving-only">daytime-driving-only</a></td><td style="color: #cccccc">sõit üksnes päevaajal (nt üks tund pärast päikesetõusu ja üks tund enne päikeseloojangut)</td></tr><tr><td><a href="CodeSystem-ee-health-certificate-restriction.html#ee-health-certificate-restriction-limited-radius-driving">limited-radius-driving</a></td><td style="color: #cccccc">sõit üksnes … km raadiuses loaomaniku elukohast või üksnes linna/piirkonna piires</td></tr><tr><td><a href="CodeSystem-ee-health-certificate-restriction.html#ee-health-certificate-restriction-no-passenger-driving">no-passenger-driving</a></td><td style="color: #cccccc">sõit ilma kaassõitjata</td></tr><tr><td><a href="CodeSystem-ee-health-certificate-restriction.html#ee-health-certificate-restriction-limited-speed-driving">limited-speed-driving</a></td><td style="color: #cccccc">sõit üksnes kiirusel kuni … km/h</td></tr><tr><td><a href="CodeSystem-ee-health-certificate-restriction.html#ee-health-certificate-restriction-supervised-driving">supervised-driving</a></td><td style="color: #cccccc">juhtimine lubatud üksnes vähemalt sama kategooria juhiluba omava isiku saatel</td></tr><tr><td><a href="CodeSystem-ee-health-certificate-restriction.html#ee-health-certificate-restriction-no-trailer">no-trailer</a></td><td style="color: #cccccc">ilma haagiseta</td></tr><tr><td><a href="CodeSystem-ee-health-certificate-restriction.html#ee-health-certificate-restriction-no-highways">no-highways</a></td><td style="color: #cccccc">kiirteel sõitmine keelatud</td></tr><tr><td><a href="CodeSystem-ee-health-certificate-restriction.html#ee-health-certificate-restriction-no-alcohol">no-alcohol</a></td><td style="color: #cccccc">alkoholi tarbimine keelatud</td></tr></table></li></ul></div>
  </text>
  <url value="https://fhir.ee/hcert/ValueSet/ee-health-certificate-driver-medical-restriction"/>
  <version value="1.0.0"/>
  <name value="EEHealthCertificateDriverMedicalRestrictionVS"/>
  <title value="Mootosõidukijuhi tervisetõendi meditsiiniline piirang"/>
  <status value="active"/>
  <experimental value="false"/>
  <date value="2025-01-27T10:00:30+00:00"/>
  <publisher value="TEHIK"/>
  <contact>
    <name value="TEHIK"/>
    <telecom>
      <system value="url"/>
      <value value="https://tehik.ee"/>
    </telecom>
    <telecom>
      <system value="email"/>
      <value value="abi@tehik.ee"/>
    </telecom>
  </contact>
  <description value="Piirangud mootorsõiduki juhtimiseks"/>
  <jurisdiction>
    <coding>
      <system value="urn:iso:std:iso:3166"/>
      <code value="EST"/>
      <display value="Estonia"/>
    </coding>
  </jurisdiction>
  <compose>
    <include>
      <system value="https://fhir.ee/hcert/CodeSystem/ee-health-certificate-restriction"/>
      <concept>
        <code value="glasses"/>
      </concept>
      <concept>
        <code value="contact-lenses"/>
      </concept>
      <concept>
        <code value="sun-shade"/>
      </concept>
      <concept>
        <code value="glasses-or-lenses"/>
      </concept>
      <concept>
        <code value="specific-optical-aid"/>
      </concept>
      <concept>
        <code value="hearing-aid"/>
      </concept>
      <concept>
        <code value="arm-prosthesis"/>
      </concept>
      <concept>
        <code value="leg-prosthesis"/>
      </concept>
      <concept>
        <code value="daytime-driving-only"/>
      </concept>
      <concept>
        <code value="limited-radius-driving"/>
      </concept>
      <concept>
        <code value="no-passenger-driving"/>
      </concept>
      <concept>
        <code value="limited-speed-driving"/>
      </concept>
      <concept>
        <code value="supervised-driving"/>
      </concept>
      <concept>
        <code value="no-trailer"/>
      </concept>
      <concept>
        <code value="no-highways"/>
      </concept>
      <concept>
        <code value="no-alcohol"/>
      </concept>
    </include>
  </compose>
</ValueSet>