<?xml version="1.0" encoding="UTF-8"?><ImplementationGuide xmlns="http://hl7.org/fhir"><id value="ee.fhir.hcert"/><text><status value="generated"/><div xmlns="http://www.w3.org/1999/xhtml"><p class="res-header-id"><b>Generated Narrative: ImplementationGuide ee.fhir.hcert</b></p><a name="ee.fhir.hcert"> </a><a name="hcee.fhir.hcert"> </a><a name="ee.fhir.hcert-en-US"> </a><h2>HCERT</h2><p>The official URL for this implementation guide is: </p><pre>https://fhir.ee/hcert/ImplementationGuide/ee.fhir.hcert</pre></div></text><url value="https://fhir.ee/hcert/ImplementationGuide/ee.fhir.hcert"/><version value="1.0.0"/><name value="HCERT"/><title value="Tervisetõendi teenus"/><status value="active"/><date value="2025-01-27T10:00:30+00:00"/><publisher value="TEHIK"/><contact><name value="TEHIK"/><telecom><system value="url"/><value value="https://tehik.ee"/></telecom><telecom><system value="email"/><value value="abi@tehik.ee"/></telecom></contact><jurisdiction><coding><system value="urn:iso:std:iso:3166"/><code value="EST"/><display value="Estonia"/></coding></jurisdiction><packageId value="ee.fhir.hcert"/><license value="CC0-1.0"/><fhirVersion value="5.0.0"/><dependsOn id="hl7tx"><extension url="http://hl7.org/fhir/tools/StructureDefinition/implementationguide-dependency-comment"><valueMarkdown value="Automatically added as a dependency - all IGs depend on HL7 Terminology"/></extension><uri value="http://terminology.hl7.org/ImplementationGuide/hl7.terminology"/><packageId value="hl7.terminology.r5"/><version value="6.2.0"/></dependsOn><dependsOn id="hl7ext"><extension url="http://hl7.org/fhir/tools/StructureDefinition/implementationguide-dependency-comment"><valueMarkdown value="Automatically added as a dependency - all IGs depend on the HL7 Extension Pack"/></extension><uri value="http://hl7.org/fhir/extensions/ImplementationGuide/hl7.fhir.uv.extensions"/><packageId value="hl7.fhir.uv.extensions.r5"/><version value="5.1.0"/></dependsOn><definition><extension url="http://hl7.org/fhir/tools/StructureDefinition/ig-internal-dependency"><valueCode value="hl7.fhir.uv.tools.r5#0.3.0"/></extension><grouping id="-dyn-operationdefinition"><name value="Behavior: Operation Definitions"/><description value="These are custom operations that can be supported by and/or invoked by systems conforming to this implementation guide."/></grouping><grouping id="-str-abstractprofile"><name value="Structures: Abstract Profiles"/><description value="These are profiles on resources or data types that describe patterns used by other profiles, but cannot be instantiated directly.  I.e. instances can conform to profiles *based* on these abstract profiles, but do not declare conformance to the abstract profiles themselves."/></grouping><grouping id="-str-profile"><name value="Structures: Resource Profiles"/><description value="These define constraints on FHIR resources for systems conforming to this implementation guide."/></grouping><grouping id="-term-valueset"><name value="Terminology: Value Sets"/><description value="These define sets of codes used by systems conforming to this implementation guide."/></grouping><grouping id="-term-codesystem"><name value="Terminology: Code Systems"/><description value="These define new code systems used by systems conforming to this implementation guide."/></grouping><grouping id="-ex-example"><name value="Example: Example Instances"/><description value="These are example instances that show what data produced and consumed by systems conforming with this implementation guide might look like."/></grouping><resource><extension url="http://hl7.org/fhir/tools/StructureDefinition/resource-sort"><valueInteger value="999999999"/></extension><extension url="http://hl7.org/fhir/StructureDefinition/implementationguide-page"><valueUri value="OperationDefinition-ee-health-certificate-pdf.html"/></extension><reference><reference value="OperationDefinition/ee-health-certificate-pdf"/></reference><name value="Tervisetõendi PDF genereerimine"/><description value="FHIR operatsioon PDF dokumendi generereerimiseks tervisetõend (Composition) ressursi põhjal"/><isExample value="false"/><groupingId value="-dyn-operationdefinition"/></resource><resource><extension url="http://hl7.org/fhir/tools/StructureDefinition/resource-sort"><valueInteger value="999999999"/></extension><extension url="http://hl7.org/fhir/StructureDefinition/implementationguide-page"><valueUri value="StructureDefinition-ee-health-certificate.html"/></extension><reference><reference value="StructureDefinition/ee-health-certificate"/></reference><name value="Tervisetõend"/><description value="Tervisetõendi baasprofiil"/><isExample value="false"/><groupingId value="-str-abstractprofile"/></resource><resource><extension url="http://hl7.org/fhir/tools/StructureDefinition/resource-sort"><valueInteger value="999999999"/></extension><extension url="http://hl7.org/fhir/StructureDefinition/implementationguide-page"><valueUri value="StructureDefinition-ee-health-certificate-driver.html"/></extension><reference><reference value="StructureDefinition/ee-health-certificate-driver"/></reference><name value="Mootosõidukijuhi tervisetõend"/><description value="Mootosõidukijuhi tervisetõend"/><isExample value="false"/><groupingId value="-str-profile"/></resource><resource><extension url="http://hl7.org/fhir/tools/StructureDefinition/resource-sort"><valueInteger value="999999999"/></extension><extension url="http://hl7.org/fhir/StructureDefinition/implementationguide-page"><valueUri value="StructureDefinition-HcertObservation.html"/></extension><reference><reference value="StructureDefinition/HcertObservation"/></reference><name value="Temporary Observation"/><description value="Remove this profile when https://github.com/HL7/fhir-ig-publisher/issues/1018 is fixed and new IG publisher is released"/><isExample value="false"/><groupingId value="-str-profile"/></resource><resource><extension url="http://hl7.org/fhir/tools/StructureDefinition/resource-sort"><valueInteger value="999999999"/></extension><extension url="http://hl7.org/fhir/StructureDefinition/implementationguide-page"><valueUri value="StructureDefinition-ee-health-certificate-occupational.html"/></extension><reference><reference value="StructureDefinition/ee-health-certificate-occupational"/></reference><name value="Töötervishoiu tervisetõend"/><description value="Töötervishoiu tervisetõendi baasprofiil"/><isExample value="false"/><groupingId value="-str-profile"/></resource><resource><extension url="http://hl7.org/fhir/tools/StructureDefinition/resource-sort"><valueInteger value="999999999"/></extension><extension url="http://hl7.org/fhir/StructureDefinition/implementationguide-page"><valueUri value="StructureDefinition-ee-health-certificate-occupational-employer.html"/></extension><reference><reference value="StructureDefinition/ee-health-certificate-occupational-employer"/></reference><name value="Töötervishoiu tervisetõend tööandjale"/><description value="Töötervishoiu tervisetõendi profiil tööandjale kuvamiseks"/><isExample value="false"/><groupingId value="-str-profile"/></resource><resource><extension url="http://hl7.org/fhir/tools/StructureDefinition/resource-sort"><valueInteger value="999999999"/></extension><extension url="http://hl7.org/fhir/StructureDefinition/implementationguide-page"><valueUri value="ValueSet-ee-health-certificate-driver-medical-restriction.html"/></extension><reference><reference value="ValueSet/ee-health-certificate-driver-medical-restriction"/></reference><name value="Mootosõidukijuhi tervisetõendi meditsiiniline piirang"/><description value="Piirangud mootorsõiduki juhtimiseks"/><isExample value="false"/><groupingId value="-term-valueset"/></resource><resource><extension url="http://hl7.org/fhir/tools/StructureDefinition/resource-sort"><valueInteger value="999999999"/></extension><extension url="http://hl7.org/fhir/StructureDefinition/implementationguide-page"><valueUri value="ValueSet-ee-health-certificate-occupational-additional-condition.html"/></extension><reference><reference value="ValueSet/ee-health-certificate-occupational-additional-condition"/></reference><name value="Püsiva töövõime säilitamiseks vajalik lisatingimus"/><isExample value="false"/><groupingId value="-term-valueset"/></resource><resource><extension url="http://hl7.org/fhir/tools/StructureDefinition/resource-sort"><valueInteger value="999999999"/></extension><extension url="http://hl7.org/fhir/StructureDefinition/implementationguide-page"><valueUri value="ValueSet-ee-health-certificate-usage-area.html"/></extension><reference><reference value="ValueSet/ee-health-certificate-usage-area"/></reference><name value="Tervisetõendi kasutusala"/><isExample value="false"/><groupingId value="-term-valueset"/></resource><resource><extension url="http://hl7.org/fhir/tools/StructureDefinition/resource-sort"><valueInteger value="999999999"/></extension><extension url="http://hl7.org/fhir/StructureDefinition/implementationguide-page"><valueUri value="ValueSet-ee-health-certificate-medical-restriction.html"/></extension><reference><reference value="ValueSet/ee-health-certificate-medical-restriction"/></reference><name value="Tervisetõendi meditsiiniline piirang"/><description value="Kõik piirangud"/><isExample value="false"/><groupingId value="-term-valueset"/></resource><resource><extension url="http://hl7.org/fhir/tools/StructureDefinition/resource-sort"><valueInteger value="999999999"/></extension><extension url="http://hl7.org/fhir/StructureDefinition/implementationguide-page"><valueUri value="ValueSet-ee-health-certificate-decision.html"/></extension><reference><reference value="ValueSet/ee-health-certificate-decision"/></reference><name value="Tervisetõendi otsus"/><isExample value="false"/><groupingId value="-term-valueset"/></resource><resource><extension url="http://hl7.org/fhir/tools/StructureDefinition/resource-sort"><valueInteger value="999999999"/></extension><extension url="http://hl7.org/fhir/StructureDefinition/implementationguide-page"><valueUri value="ValueSet-ee-health-certificate-status.html"/></extension><reference><reference value="ValueSet/ee-health-certificate-status"/></reference><name value="Tervisetõendi staatus"/><isExample value="false"/><groupingId value="-term-valueset"/></resource><resource><extension url="http://hl7.org/fhir/tools/StructureDefinition/resource-sort"><valueInteger value="999999999"/></extension><extension url="http://hl7.org/fhir/StructureDefinition/implementationguide-page"><valueUri value="ValueSet-ee-health-certificate-occupational-medical-restriction.html"/></extension><reference><reference value="ValueSet/ee-health-certificate-occupational-medical-restriction"/></reference><name value="Töötervishoiu tervisetõendi meditsiiniline piirang"/><description value="Piirangud töötamiseks"/><isExample value="false"/><groupingId value="-term-valueset"/></resource><resource><extension url="http://hl7.org/fhir/tools/StructureDefinition/resource-sort"><valueInteger value="999999999"/></extension><extension url="http://hl7.org/fhir/StructureDefinition/implementationguide-page"><valueUri value="CodeSystem-ee-health-certificate-occupational-additional-condition.html"/></extension><reference><reference value="CodeSystem/ee-health-certificate-occupational-additional-condition"/></reference><name value="Püsiva töövõime säilitamiseks vajalik lisatingimus"/><isExample value="false"/><groupingId value="-term-codesystem"/></resource><resource><extension url="http://hl7.org/fhir/tools/StructureDefinition/resource-sort"><valueInteger value="999999999"/></extension><extension url="http://hl7.org/fhir/StructureDefinition/implementationguide-page"><valueUri value="CodeSystem-ee-health-certificate-usage-area.html"/></extension><reference><reference value="CodeSystem/ee-health-certificate-usage-area"/></reference><name value="Tervisetõendi kasutusala"/><isExample value="false"/><groupingId value="-term-codesystem"/></resource><resource><extension url="http://hl7.org/fhir/tools/StructureDefinition/resource-sort"><valueInteger value="999999999"/></extension><extension url="http://hl7.org/fhir/StructureDefinition/implementationguide-page"><valueUri value="CodeSystem-ee-health-certificate-decision.html"/></extension><reference><reference value="CodeSystem/ee-health-certificate-decision"/></reference><name value="Tervisetõendi otsus"/><isExample value="false"/><groupingId value="-term-codesystem"/></resource><resource><extension url="http://hl7.org/fhir/tools/StructureDefinition/resource-sort"><valueInteger value="999999999"/></extension><extension url="http://hl7.org/fhir/StructureDefinition/implementationguide-page"><valueUri value="CodeSystem-ee-health-certificate-restriction.html"/></extension><reference><reference value="CodeSystem/ee-health-certificate-restriction"/></reference><name value="Tervisetõendi piirang"/><description value="Piirangute nimekiri erinevate kasutusalade lõikes"/><isExample value="false"/><groupingId value="-term-codesystem"/></resource><resource><extension url="http://hl7.org/fhir/tools/StructureDefinition/resource-sort"><valueInteger value="999999999"/></extension><extension url="http://hl7.org/fhir/StructureDefinition/implementationguide-page"><valueUri value="CodeSystem-ee-health-certificate-section.html"/></extension><reference><reference value="CodeSystem/ee-health-certificate-section"/></reference><name value="Tervisetõendi sektsioon"/><isExample value="false"/><groupingId value="-term-codesystem"/></resource><resource><extension url="http://hl7.org/fhir/tools/StructureDefinition/resource-sort"><valueInteger value="999999999"/></extension><extension url="http://hl7.org/fhir/StructureDefinition/implementationguide-page"><valueUri value="Practitioner-pract1.html"/></extension><reference><reference value="Practitioner/pract1"/></reference><name value="Arsti näidis"/><isExample value="true"/><groupingId value="-ex-example"/></resource><resource><extension url="http://hl7.org/fhir/tools/StructureDefinition/resource-sort"><valueInteger value="999999999"/></extension><extension url="http://hl7.org/fhir/StructureDefinition/implementationguide-page"><valueUri value="Organization-org1.html"/></extension><reference><reference value="Organization/org1"/></reference><name value="Asutuse näidis"/><isExample value="true"/><groupingId value="-ex-example"/></resource><resource><extension url="http://hl7.org/fhir/tools/StructureDefinition/resource-sort"><valueInteger value="999999999"/></extension><extension url="http://hl7.org/fhir/StructureDefinition/implementationguide-page"><valueUri value="QuestionnaireResponse-qre-200.html"/></extension><reference><reference value="QuestionnaireResponse/qre-200"/></reference><name value="Küsimustiku vastuse näidis"/><isExample value="true"/><groupingId value="-ex-example"/></resource><resource><extension url="http://hl7.org/fhir/tools/StructureDefinition/resource-sort"><valueInteger value="999999999"/></extension><extension url="http://hl7.org/fhir/StructureDefinition/implementationguide-page"><valueUri value="Composition-section-300.html"/></extension><reference><reference value="Composition/section-300"/></reference><name value="Mootorsõiduki juhtimise tervisetõendi näidis"/><isExample value="true"/><profile value="https://fhir.ee/hcert/StructureDefinition/ee-health-certificate-driver"/><groupingId value="-ex-example"/></resource><resource><extension url="http://hl7.org/fhir/tools/StructureDefinition/resource-sort"><valueInteger value="999999999"/></extension><extension url="http://hl7.org/fhir/StructureDefinition/implementationguide-page"><valueUri value="Patient-pat1.html"/></extension><reference><reference value="Patient/pat1"/></reference><name value="Patsiendi näidis"/><isExample value="true"/><groupingId value="-ex-example"/></resource><resource><extension url="http://hl7.org/fhir/tools/StructureDefinition/resource-sort"><valueInteger value="999999999"/></extension><extension url="http://hl7.org/fhir/StructureDefinition/implementationguide-page"><valueUri value="Composition-section-100.html"/></extension><reference><reference value="Composition/section-100"/></reference><name value="Töötervishoiu tervisetõendi näidis"/><isExample value="true"/><profile value="https://fhir.ee/hcert/StructureDefinition/ee-health-certificate-occupational"/><groupingId value="-ex-example"/></resource><page><sourceUrl value="toc.html"/><name value="toc.html"/><title value="Table of Contents"/><generation value="html"/><page><sourceUrl value="index.html"/><name value="index.html"/><title value="Sissejuhatus"/><generation value="markdown"/></page><page><sourceUrl value="contact.html"/><name value="contact.html"/><title value="Kontaktid"/><generation value="markdown"/></page><page><sourceUrl value="download.html"/><name value="download.html"/><title value="Allalaadimised"/><generation value="markdown"/></page><page><sourceUrl value="profiles.html"/><name value="profiles.html"/><title value="Profiilid"/><generation value="markdown"/></page><page><sourceUrl value="artifacts.html"/><name value="artifacts.html"/><title value="Artifacts Summary"/><generation value="html"/><page><sourceUrl value="OperationDefinition-ee-health-certificate-pdf.html"/><name value="OperationDefinition-ee-health-certificate-pdf.html"/><title value="Tervisetõendi PDF genereerimine"/><generation value="generated"/></page><page><sourceUrl value="StructureDefinition-ee-health-certificate.html"/><name value="StructureDefinition-ee-health-certificate.html"/><title value="Tervisetõend"/><generation value="generated"/></page><page><sourceUrl value="StructureDefinition-ee-health-certificate-driver.html"/><name value="StructureDefinition-ee-health-certificate-driver.html"/><title value="Mootosõidukijuhi tervisetõend"/><generation value="generated"/></page><page><sourceUrl value="StructureDefinition-HcertObservation.html"/><name value="StructureDefinition-HcertObservation.html"/><title value="Temporary Observation"/><generation value="generated"/></page><page><sourceUrl value="StructureDefinition-ee-health-certificate-occupational.html"/><name value="StructureDefinition-ee-health-certificate-occupational.html"/><title value="Töötervishoiu tervisetõend"/><generation value="generated"/></page><page><sourceUrl value="StructureDefinition-ee-health-certificate-occupational-employer.html"/><name value="StructureDefinition-ee-health-certificate-occupational-employer.html"/><title value="Töötervishoiu tervisetõend tööandjale"/><generation value="generated"/></page><page><sourceUrl value="ValueSet-ee-health-certificate-driver-medical-restriction.html"/><name value="ValueSet-ee-health-certificate-driver-medical-restriction.html"/><title value="Mootosõidukijuhi tervisetõendi meditsiiniline piirang"/><generation value="generated"/></page><page><sourceUrl value="ValueSet-ee-health-certificate-occupational-additional-condition.html"/><name value="ValueSet-ee-health-certificate-occupational-additional-condition.html"/><title value="Püsiva töövõime säilitamiseks vajalik lisatingimus"/><generation value="generated"/></page><page><sourceUrl value="ValueSet-ee-health-certificate-usage-area.html"/><name value="ValueSet-ee-health-certificate-usage-area.html"/><title value="Tervisetõendi kasutusala"/><generation value="generated"/></page><page><sourceUrl value="ValueSet-ee-health-certificate-medical-restriction.html"/><name value="ValueSet-ee-health-certificate-medical-restriction.html"/><title value="Tervisetõendi meditsiiniline piirang"/><generation value="generated"/></page><page><sourceUrl value="ValueSet-ee-health-certificate-decision.html"/><name value="ValueSet-ee-health-certificate-decision.html"/><title value="Tervisetõendi otsus"/><generation value="generated"/></page><page><sourceUrl value="ValueSet-ee-health-certificate-status.html"/><name value="ValueSet-ee-health-certificate-status.html"/><title value="Tervisetõendi staatus"/><generation value="generated"/></page><page><sourceUrl value="ValueSet-ee-health-certificate-occupational-medical-restriction.html"/><name value="ValueSet-ee-health-certificate-occupational-medical-restriction.html"/><title value="Töötervishoiu tervisetõendi meditsiiniline piirang"/><generation value="generated"/></page><page><sourceUrl value="CodeSystem-ee-health-certificate-occupational-additional-condition.html"/><name value="CodeSystem-ee-health-certificate-occupational-additional-condition.html"/><title value="Püsiva töövõime säilitamiseks vajalik lisatingimus"/><generation value="generated"/></page><page><sourceUrl value="CodeSystem-ee-health-certificate-usage-area.html"/><name value="CodeSystem-ee-health-certificate-usage-area.html"/><title value="Tervisetõendi kasutusala"/><generation value="generated"/></page><page><sourceUrl value="CodeSystem-ee-health-certificate-decision.html"/><name value="CodeSystem-ee-health-certificate-decision.html"/><title value="Tervisetõendi otsus"/><generation value="generated"/></page><page><sourceUrl value="CodeSystem-ee-health-certificate-restriction.html"/><name value="CodeSystem-ee-health-certificate-restriction.html"/><title value="Tervisetõendi piirang"/><generation value="generated"/></page><page><sourceUrl value="CodeSystem-ee-health-certificate-section.html"/><name value="CodeSystem-ee-health-certificate-section.html"/><title value="Tervisetõendi sektsioon"/><generation value="generated"/></page><page><sourceUrl value="Practitioner-pract1.html"/><name value="Practitioner-pract1.html"/><title value="Arsti näidis"/><generation value="generated"/></page><page><sourceUrl value="Organization-org1.html"/><name value="Organization-org1.html"/><title value="Asutuse näidis"/><generation value="generated"/></page><page><sourceUrl value="QuestionnaireResponse-qre-200.html"/><name value="QuestionnaireResponse-qre-200.html"/><title value="Küsimustiku vastuse näidis"/><generation value="generated"/></page><page><sourceUrl value="Composition-section-300.html"/><name value="Composition-section-300.html"/><title value="Mootorsõiduki juhtimise tervisetõendi näidis"/><generation value="generated"/></page><page><sourceUrl value="Patient-pat1.html"/><name value="Patient-pat1.html"/><title value="Patsiendi näidis"/><generation value="generated"/></page><page><sourceUrl value="Composition-section-100.html"/><name value="Composition-section-100.html"/><title value="Töötervishoiu tervisetõendi näidis"/><generation value="generated"/></page></page></page><parameter><code><system value="http://hl7.org/fhir/tools/CodeSystem/ig-parameters"/><code value="copyrightyear"/></code><value value="2025+"/></parameter><parameter><code><system value="http://hl7.org/fhir/tools/CodeSystem/ig-parameters"/><code value="releaselabel"/></code><value value="trial-use"/></parameter><parameter><code><system value="http://hl7.org/fhir/tools/CodeSystem/ig-parameters"/><code value="autoload-resources"/></code><value value="true"/></parameter><parameter><code><system value="http://hl7.org/fhir/guide-parameter-code"/><code value="path-resource"/></code><value value="input/capabilities"/></parameter><parameter><code><system value="http://hl7.org/fhir/guide-parameter-code"/><code value="path-resource"/></code><value value="input/examples"/></parameter><parameter><code><system value="http://hl7.org/fhir/guide-parameter-code"/><code value="path-resource"/></code><value value="input/extensions"/></parameter><parameter><code><system value="http://hl7.org/fhir/guide-parameter-code"/><code value="path-resource"/></code><value value="input/models"/></parameter><parameter><code><system value="http://hl7.org/fhir/guide-parameter-code"/><code value="path-resource"/></code><value value="input/operations"/></parameter><parameter><code><system value="http://hl7.org/fhir/guide-parameter-code"/><code value="path-resource"/></code><value value="input/profiles"/></parameter><parameter><code><system value="http://hl7.org/fhir/guide-parameter-code"/><code value="path-resource"/></code><value value="input/resources"/></parameter><parameter><code><system value="http://hl7.org/fhir/guide-parameter-code"/><code value="path-resource"/></code><value value="input/vocabulary"/></parameter><parameter><code><system value="http://hl7.org/fhir/guide-parameter-code"/><code value="path-resource"/></code><value value="input/maps"/></parameter><parameter><code><system value="http://hl7.org/fhir/guide-parameter-code"/><code value="path-resource"/></code><value value="input/testing"/></parameter><parameter><code><system value="http://hl7.org/fhir/guide-parameter-code"/><code value="path-resource"/></code><value value="input/history"/></parameter><parameter><code><system value="http://hl7.org/fhir/guide-parameter-code"/><code value="path-resource"/></code><value value="fsh-generated/resources"/></parameter><parameter><code><system value="http://hl7.org/fhir/guide-parameter-code"/><code value="path-pages"/></code><value value="template/config"/></parameter><parameter><code><system value="http://hl7.org/fhir/guide-parameter-code"/><code value="path-pages"/></code><value value="input/images"/></parameter><parameter><code><system value="http://hl7.org/fhir/tools/CodeSystem/ig-parameters"/><code value="path-liquid"/></code><value value="template/liquid"/></parameter><parameter><code><system value="http://hl7.org/fhir/tools/CodeSystem/ig-parameters"/><code value="path-liquid"/></code><value value="input/liquid"/></parameter><parameter><code><system value="http://hl7.org/fhir/tools/CodeSystem/ig-parameters"/><code value="path-qa"/></code><value value="temp/qa"/></parameter><parameter><code><system value="http://hl7.org/fhir/tools/CodeSystem/ig-parameters"/><code value="path-temp"/></code><value value="temp/pages"/></parameter><parameter><code><system value="http://hl7.org/fhir/tools/CodeSystem/ig-parameters"/><code value="path-output"/></code><value value="output"/></parameter><parameter><code><system value="http://hl7.org/fhir/guide-parameter-code"/><code value="path-tx-cache"/></code><value value="input-cache/txcache"/></parameter><parameter><code><system value="http://hl7.org/fhir/tools/CodeSystem/ig-parameters"/><code value="path-suppressed-warnings"/></code><value value="input/ignoreWarnings.txt"/></parameter><parameter><code><system value="http://hl7.org/fhir/tools/CodeSystem/ig-parameters"/><code value="path-history"/></code><value value="https://fhir.ee/hcert/history.html"/></parameter><parameter><code><system value="http://hl7.org/fhir/tools/CodeSystem/ig-parameters"/><code value="template-html"/></code><value value="template-page.html"/></parameter><parameter><code><system value="http://hl7.org/fhir/tools/CodeSystem/ig-parameters"/><code value="template-md"/></code><value value="template-page-md.html"/></parameter><parameter><code><system value="http://hl7.org/fhir/tools/CodeSystem/ig-parameters"/><code value="apply-contact"/></code><value value="true"/></parameter><parameter><code><system value="http://hl7.org/fhir/tools/CodeSystem/ig-parameters"/><code value="apply-context"/></code><value value="true"/></parameter><parameter><code><system value="http://hl7.org/fhir/tools/CodeSystem/ig-parameters"/><code value="apply-copyright"/></code><value value="true"/></parameter><parameter><code><system value="http://hl7.org/fhir/tools/CodeSystem/ig-parameters"/><code value="apply-jurisdiction"/></code><value value="true"/></parameter><parameter><code><system value="http://hl7.org/fhir/tools/CodeSystem/ig-parameters"/><code value="apply-license"/></code><value value="true"/></parameter><parameter><code><system value="http://hl7.org/fhir/tools/CodeSystem/ig-parameters"/><code value="apply-publisher"/></code><value value="true"/></parameter><parameter><code><system value="http://hl7.org/fhir/tools/CodeSystem/ig-parameters"/><code value="apply-version"/></code><value value="true"/></parameter><parameter><code><system value="http://hl7.org/fhir/tools/CodeSystem/ig-parameters"/><code value="apply-wg"/></code><value value="true"/></parameter><parameter><code><system value="http://hl7.org/fhir/tools/CodeSystem/ig-parameters"/><code value="active-tables"/></code><value value="true"/></parameter><parameter><code><system value="http://hl7.org/fhir/tools/CodeSystem/ig-parameters"/><code value="fmm-definition"/></code><value value="http://hl7.org/fhir/versions.html#maturity"/></parameter><parameter><code><system value="http://hl7.org/fhir/tools/CodeSystem/ig-parameters"/><code value="propagate-status"/></code><value value="true"/></parameter><parameter><code><system value="http://hl7.org/fhir/tools/CodeSystem/ig-parameters"/><code value="excludelogbinaryformat"/></code><value value="true"/></parameter><parameter><code><system value="http://hl7.org/fhir/tools/CodeSystem/ig-parameters"/><code value="tabbed-snapshots"/></code><value value="true"/></parameter></definition></ImplementationGuide>