<?xml version="1.0" encoding="UTF-8"?><ValueSet xmlns="http://hl7.org/fhir"><id value="ee-health-certificate-medical-restriction"/><text><status value="generated"/><div xmlns="http://www.w3.org/1999/xhtml"><p class="res-header-id"><b>Generated Narrative: ValueSet ee-health-certificate-medical-restriction</b></p><a name="ee-health-certificate-medical-restriction"> </a><a name="hcee-health-certificate-medical-restriction"> </a><a name="ee-health-certificate-medical-restriction-en-US"> </a><ul><li>Include all codes defined in <a href="CodeSystem-ee-health-certificate-restriction.html"><code>https://fhir.ee/hcert/CodeSystem/ee-health-certificate-restriction</code></a></li></ul></div></text><url value="https://fhir.ee/hcert/ValueSet/ee-health-certificate-medical-restriction"/><version value="1.0.0"/><name value="EEHealthCertificateMedicalRestrictionVS"/><title value="Tervisetõendi meditsiiniline piirang"/><status value="active"/><experimental value="false"/><date value="2025-01-27T10:00:30+00:00"/><publisher value="TEHIK"/><contact><name value="TEHIK"/><telecom><system value="url"/><value value="https://tehik.ee"/></telecom><telecom><system value="email"/><value value="abi@tehik.ee"/></telecom></contact><description value="Kõik piirangud"/><jurisdiction><coding><system value="urn:iso:std:iso:3166"/><code value="EST"/><display value="Estonia"/></coding></jurisdiction><compose><include><system value="https://fhir.ee/hcert/CodeSystem/ee-health-certificate-restriction"/></include></compose></ValueSet>