{
  "resourceType" : "CodeSystem",
  "id" : "ee-health-certificate-section",
  "text" : {
    "status" : "generated",
    "div" : "<div xmlns=\"http://www.w3.org/1999/xhtml\"><p class=\"res-header-id\"><b>Generated Narrative: CodeSystem ee-health-certificate-section</b></p><a name=\"ee-health-certificate-section\"> </a><a name=\"hcee-health-certificate-section\"> </a><a name=\"ee-health-certificate-section-en-US\"> </a><p>This case-insensitive code system <code>https://fhir.ee/hcert/CodeSystem/ee-health-certificate-section</code> defines the following codes:</p><table class=\"codes\"><tr><td style=\"white-space:nowrap\"><b>Code</b></td><td><b>Display</b></td></tr><tr><td style=\"white-space:nowrap\">decision<a name=\"ee-health-certificate-section-decision\"> </a></td><td>Tervisetõendi otsus</td></tr><tr><td style=\"white-space:nowrap\">shortened-reason<a name=\"ee-health-certificate-section-shortened-reason\"> </a></td><td>Lühema tervisekontrolli aja põhjus</td></tr><tr><td style=\"white-space:nowrap\">reject-reason<a name=\"ee-health-certificate-section-reject-reason\"> </a></td><td>Eitava otsuse põhjendus</td></tr><tr><td style=\"white-space:nowrap\">change-reason<a name=\"ee-health-certificate-section-change-reason\"> </a></td><td>Tervisetõendi muutmise põhjus</td></tr><tr><td style=\"white-space:nowrap\">cancel-reason<a name=\"ee-health-certificate-section-cancel-reason\"> </a></td><td>Tervisetõendi tühistamise põhjus</td></tr><tr><td style=\"white-space:nowrap\">suspend-reason<a name=\"ee-health-certificate-section-suspend-reason\"> </a></td><td>Tervisetõendi peatamise põhjus</td></tr><tr><td style=\"white-space:nowrap\">risk-factors<a name=\"ee-health-certificate-section-risk-factors\"> </a></td><td>Tööst olenevad ohutegurid</td></tr><tr><td style=\"white-space:nowrap\">employer<a name=\"ee-health-certificate-section-employer\"> </a></td><td>Tööandja</td></tr><tr><td style=\"white-space:nowrap\">health-declaration<a name=\"ee-health-certificate-section-health-declaration\"> </a></td><td>Tervisedeklaratsioon</td></tr><tr><td style=\"white-space:nowrap\">medical-restrictions<a name=\"ee-health-certificate-section-medical-restrictions\"> </a></td><td>Meditsiinilised piirangud</td></tr><tr><td style=\"white-space:nowrap\">work-additional-conditions<a name=\"ee-health-certificate-section-work-additional-conditions\"> </a></td><td>Püsiva töövõime säilitamiseks vajalikud lisatingimused</td></tr><tr><td style=\"white-space:nowrap\">employer-suggestions<a name=\"ee-health-certificate-section-employer-suggestions\"> </a></td><td>Ettepanekud tööandjale</td></tr><tr><td style=\"white-space:nowrap\">employee-suggestions<a name=\"ee-health-certificate-section-employee-suggestions\"> </a></td><td>Ettepanekud töötajale</td></tr></table></div>"
  },
  "url" : "https://fhir.ee/hcert/CodeSystem/ee-health-certificate-section",
  "version" : "1.0.0",
  "name" : "EEHealthCertificateSection",
  "title" : "Tervisetõendi sektsioon",
  "status" : "active",
  "experimental" : false,
  "date" : "2025-01-27T10:00:30+00:00",
  "publisher" : "TEHIK",
  "contact" : [{
    "name" : "TEHIK",
    "telecom" : [{
      "system" : "url",
      "value" : "https://tehik.ee"
    },
    {
      "system" : "email",
      "value" : "abi@tehik.ee"
    }]
  }],
  "jurisdiction" : [{
    "coding" : [{
      "system" : "urn:iso:std:iso:3166",
      "code" : "EST",
      "display" : "Estonia"
    }]
  }],
  "caseSensitive" : false,
  "content" : "complete",
  "count" : 13,
  "concept" : [{
    "code" : "decision",
    "display" : "Tervisetõendi otsus"
  },
  {
    "code" : "shortened-reason",
    "display" : "Lühema tervisekontrolli aja põhjus"
  },
  {
    "code" : "reject-reason",
    "display" : "Eitava otsuse põhjendus"
  },
  {
    "code" : "change-reason",
    "display" : "Tervisetõendi muutmise põhjus"
  },
  {
    "code" : "cancel-reason",
    "display" : "Tervisetõendi tühistamise põhjus"
  },
  {
    "code" : "suspend-reason",
    "display" : "Tervisetõendi peatamise põhjus"
  },
  {
    "code" : "risk-factors",
    "display" : "Tööst olenevad ohutegurid"
  },
  {
    "code" : "employer",
    "display" : "Tööandja"
  },
  {
    "code" : "health-declaration",
    "display" : "Tervisedeklaratsioon"
  },
  {
    "code" : "medical-restrictions",
    "display" : "Meditsiinilised piirangud"
  },
  {
    "code" : "work-additional-conditions",
    "display" : "Püsiva töövõime säilitamiseks vajalikud lisatingimused"
  },
  {
    "code" : "employer-suggestions",
    "display" : "Ettepanekud tööandjale"
  },
  {
    "code" : "employee-suggestions",
    "display" : "Ettepanekud töötajale"
  }]
}