URL,Version,Status,OIDs,Name,Title,Description,Used
http://hl7.org/fhir/composition-status,5.0.0,active,"2.16.840.1.113883.4.642.4.242,2.16.840.1.113883.4.642.2.123,2.16.840.1.113883.4.642.1.237",CompositionStatus,Composition Status,"The workflow/clinical status of the composition.","ValueSet/ee-health-certificate-status"
https://fhir.ee/hcert/CodeSystem/ee-health-certificate-decision,1.0.0,active,,EEHealthCertificateDecision,Tervisetõendi otsus,"","ValueSet/ee-health-certificate-decision"
https://fhir.ee/hcert/CodeSystem/ee-health-certificate-occupational-additional-condition,1.0.0,active,,EEHealthCertificateOccupationalAdditionalCondition,Püsiva töövõime säilitamiseks vajalik lisatingimus,"","ValueSet/ee-health-certificate-occupational-additional-condition"
https://fhir.ee/hcert/CodeSystem/ee-health-certificate-restriction,1.0.0,active,,EEHealthCertificateRestriction,Tervisetõendi piirang,"Piirangute nimekiri erinevate kasutusalade lõikes","ValueSet/ee-health-certificate-medical-restriction,ValueSet/ee-health-certificate-driver-medical-restriction,ValueSet/ee-health-certificate-occupational-medical-restriction"
https://fhir.ee/hcert/CodeSystem/ee-health-certificate-usage-area,1.0.0,active,,EEHealthCertificateUsageArea,Tervisetõendi kasutusala,"","ValueSet/ee-health-certificate-usage-area"
