{
  "resourceType" : "CodeSystem",
  "id" : "ee-health-certificate-restriction",
  "text" : {
    "status" : "generated",
    "div" : "<div xmlns=\"http://www.w3.org/1999/xhtml\"><p class=\"res-header-id\"><b>Generated Narrative: CodeSystem ee-health-certificate-restriction</b></p><a name=\"ee-health-certificate-restriction\"> </a><a name=\"hcee-health-certificate-restriction\"> </a><a name=\"ee-health-certificate-restriction-en-US\"> </a><p>This case-insensitive code system <code>https://fhir.ee/hcert/CodeSystem/ee-health-certificate-restriction</code> defines the following codes:</p><table class=\"codes\"><tr><td style=\"white-space:nowrap\"><b>Code</b></td><td><b>Display</b></td></tr><tr><td style=\"white-space:nowrap\">glasses<a name=\"ee-health-certificate-restriction-glasses\"> </a></td><td>prillid</td></tr><tr><td style=\"white-space:nowrap\">contact-lenses<a name=\"ee-health-certificate-restriction-contact-lenses\"> </a></td><td>kontaktläätsed</td></tr><tr><td style=\"white-space:nowrap\">sun-shade<a name=\"ee-health-certificate-restriction-sun-shade\"> </a></td><td>päikesevari</td></tr><tr><td style=\"white-space:nowrap\">glasses-or-lenses<a name=\"ee-health-certificate-restriction-glasses-or-lenses\"> </a></td><td>prillid või kontaktläätsed</td></tr><tr><td style=\"white-space:nowrap\">specific-optical-aid<a name=\"ee-health-certificate-restriction-specific-optical-aid\"> </a></td><td>petsiifiline optiline abivahend</td></tr><tr><td style=\"white-space:nowrap\">hearing-aid<a name=\"ee-health-certificate-restriction-hearing-aid\"> </a></td><td>kuuldeaparaat / suhtlemise abivahend</td></tr><tr><td style=\"white-space:nowrap\">arm-prosthesis<a name=\"ee-health-certificate-restriction-arm-prosthesis\"> </a></td><td>käeprotees/-ortoos</td></tr><tr><td style=\"white-space:nowrap\">leg-prosthesis<a name=\"ee-health-certificate-restriction-leg-prosthesis\"> </a></td><td>jalaprotees/-ortoos</td></tr><tr><td style=\"white-space:nowrap\">daytime-driving-only<a name=\"ee-health-certificate-restriction-daytime-driving-only\"> </a></td><td>sõit üksnes päevaajal (nt üks tund pärast päikesetõusu ja üks tund enne päikeseloojangut)</td></tr><tr><td style=\"white-space:nowrap\">limited-radius-driving<a name=\"ee-health-certificate-restriction-limited-radius-driving\"> </a></td><td>sõit üksnes … km raadiuses loaomaniku elukohast või üksnes linna/piirkonna piires</td></tr><tr><td style=\"white-space:nowrap\">no-passenger-driving<a name=\"ee-health-certificate-restriction-no-passenger-driving\"> </a></td><td>sõit ilma kaassõitjata</td></tr><tr><td style=\"white-space:nowrap\">limited-speed-driving<a name=\"ee-health-certificate-restriction-limited-speed-driving\"> </a></td><td>sõit üksnes kiirusel kuni … km/h</td></tr><tr><td style=\"white-space:nowrap\">supervised-driving<a name=\"ee-health-certificate-restriction-supervised-driving\"> </a></td><td>juhtimine lubatud üksnes vähemalt sama kategooria juhiluba omava isiku saatel</td></tr><tr><td style=\"white-space:nowrap\">no-trailer<a name=\"ee-health-certificate-restriction-no-trailer\"> </a></td><td>ilma haagiseta</td></tr><tr><td style=\"white-space:nowrap\">no-highways<a name=\"ee-health-certificate-restriction-no-highways\"> </a></td><td>kiirteel sõitmine keelatud</td></tr><tr><td style=\"white-space:nowrap\">no-alcohol<a name=\"ee-health-certificate-restriction-no-alcohol\"> </a></td><td>alkoholi tarbimine keelatud</td></tr><tr><td style=\"white-space:nowrap\">no-night-work<a name=\"ee-health-certificate-restriction-no-night-work\"> </a></td><td>Ei sobi öö töö</td></tr><tr><td style=\"white-space:nowrap\">no-solo-work<a name=\"ee-health-certificate-restriction-no-solo-work\"> </a></td><td>Ei sobi töötama üksinda</td></tr><tr><td style=\"white-space:nowrap\">limited-work-hours<a name=\"ee-health-certificate-restriction-limited-work-hours\"> </a></td><td>Lubatud tööpäeva pikkus kuni … tundi</td></tr><tr><td style=\"white-space:nowrap\">no-heavy-lifting<a name=\"ee-health-certificate-restriction-no-heavy-lifting\"> </a></td><td>Vältida käsitsi raskuste teisaldamine üle … kg</td></tr><tr><td style=\"white-space:nowrap\">no-height-work<a name=\"ee-health-certificate-restriction-no-height-work\"> </a></td><td>Ei ole lubatud töö kõrgustes … meetrit ja rohkem</td></tr><tr><td style=\"white-space:nowrap\">no-electrical-work<a name=\"ee-health-certificate-restriction-no-electrical-work\"> </a></td><td>Ei ole lubatud töö pingestatud elektriseadmetega</td></tr><tr><td style=\"white-space:nowrap\">no-moving-machinery<a name=\"ee-health-certificate-restriction-no-moving-machinery\"> </a></td><td>Ei ole lubatud töö liikuvate mehhanismidega ja nende läheduses (kuni … meetrit)</td></tr><tr><td style=\"white-space:nowrap\">restricted-environmental-hazards<a name=\"ee-health-certificate-restriction-restricted-environmental-hazards\"> </a></td><td>Ei sobi töö järgmiste töökeskkonna ohuteguritega: ....</td></tr></table></div>"
  },
  "url" : "https://fhir.ee/hcert/CodeSystem/ee-health-certificate-restriction",
  "version" : "1.0.0",
  "name" : "EEHealthCertificateRestriction",
  "title" : "Tervisetõendi piirang",
  "status" : "active",
  "experimental" : false,
  "date" : "2025-01-27T10:00:30+00:00",
  "publisher" : "TEHIK",
  "contact" : [{
    "name" : "TEHIK",
    "telecom" : [{
      "system" : "url",
      "value" : "https://tehik.ee"
    },
    {
      "system" : "email",
      "value" : "abi@tehik.ee"
    }]
  }],
  "description" : "Piirangute nimekiri erinevate kasutusalade lõikes",
  "jurisdiction" : [{
    "coding" : [{
      "system" : "urn:iso:std:iso:3166",
      "code" : "EST",
      "display" : "Estonia"
    }]
  }],
  "caseSensitive" : false,
  "content" : "complete",
  "count" : 24,
  "concept" : [{
    "code" : "glasses",
    "display" : "prillid"
  },
  {
    "code" : "contact-lenses",
    "display" : "kontaktläätsed"
  },
  {
    "code" : "sun-shade",
    "display" : "päikesevari"
  },
  {
    "code" : "glasses-or-lenses",
    "display" : "prillid või kontaktläätsed"
  },
  {
    "code" : "specific-optical-aid",
    "display" : "petsiifiline optiline abivahend"
  },
  {
    "code" : "hearing-aid",
    "display" : "kuuldeaparaat / suhtlemise abivahend"
  },
  {
    "code" : "arm-prosthesis",
    "display" : "käeprotees/-ortoos"
  },
  {
    "code" : "leg-prosthesis",
    "display" : "jalaprotees/-ortoos"
  },
  {
    "code" : "daytime-driving-only",
    "display" : "sõit üksnes päevaajal (nt üks tund pärast päikesetõusu ja üks tund enne päikeseloojangut)"
  },
  {
    "code" : "limited-radius-driving",
    "display" : "sõit üksnes … km raadiuses loaomaniku elukohast või üksnes linna/piirkonna piires"
  },
  {
    "code" : "no-passenger-driving",
    "display" : "sõit ilma kaassõitjata"
  },
  {
    "code" : "limited-speed-driving",
    "display" : "sõit üksnes kiirusel kuni … km/h"
  },
  {
    "code" : "supervised-driving",
    "display" : "juhtimine lubatud üksnes vähemalt sama kategooria juhiluba omava isiku saatel"
  },
  {
    "code" : "no-trailer",
    "display" : "ilma haagiseta"
  },
  {
    "code" : "no-highways",
    "display" : "kiirteel sõitmine keelatud"
  },
  {
    "code" : "no-alcohol",
    "display" : "alkoholi tarbimine keelatud"
  },
  {
    "code" : "no-night-work",
    "display" : "Ei sobi öö töö"
  },
  {
    "code" : "no-solo-work",
    "display" : "Ei sobi töötama üksinda"
  },
  {
    "code" : "limited-work-hours",
    "display" : "Lubatud tööpäeva pikkus kuni … tundi"
  },
  {
    "code" : "no-heavy-lifting",
    "display" : "Vältida käsitsi raskuste teisaldamine üle … kg"
  },
  {
    "code" : "no-height-work",
    "display" : "Ei ole lubatud töö kõrgustes … meetrit ja rohkem"
  },
  {
    "code" : "no-electrical-work",
    "display" : "Ei ole lubatud töö pingestatud elektriseadmetega"
  },
  {
    "code" : "no-moving-machinery",
    "display" : "Ei ole lubatud töö liikuvate mehhanismidega ja nende läheduses (kuni … meetrit)"
  },
  {
    "code" : "restricted-environmental-hazards",
    "display" : "Ei sobi töö järgmiste töökeskkonna ohuteguritega: ...."
  }]
}