{
  "resourceType" : "Patient",
  "id" : "pat1",
  "text" : {
    "status" : "generated",
    "div" : "<div xmlns=\"http://www.w3.org/1999/xhtml\"><p class=\"res-header-id\"><b>Generated Narrative: Patient pat1</b></p><a name=\"pat1\"> </a><a name=\"hcpat1\"> </a><a name=\"pat1-en-US\"> </a><p style=\"border: 1px #661aff solid; background-color: #e6e6ff; padding: 10px;\">Taavi Kask  (no stated gender), DoB Unknown</p><hr/></div>"
  },
  "name" : [{
    "family" : "Kask",
    "given" : ["Taavi"]
  }]
}