{
  "resourceType" : "ValueSet",
  "id" : "ee-health-certificate-driver-medical-restriction",
  "text" : {
    "status" : "generated",
    "div" : "<div xmlns=\"http://www.w3.org/1999/xhtml\"><p class=\"res-header-id\"><b>Generated Narrative: ValueSet ee-health-certificate-driver-medical-restriction</b></p><a name=\"ee-health-certificate-driver-medical-restriction\"> </a><a name=\"hcee-health-certificate-driver-medical-restriction\"> </a><a name=\"ee-health-certificate-driver-medical-restriction-en-US\"> </a><ul><li>Include these codes as defined in <a href=\"CodeSystem-ee-health-certificate-restriction.html\"><code>https://fhir.ee/hcert/CodeSystem/ee-health-certificate-restriction</code></a><table class=\"none\"><tr><td style=\"white-space:nowrap\"><b>Code</b></td><td><b>Display</b></td></tr><tr><td><a href=\"CodeSystem-ee-health-certificate-restriction.html#ee-health-certificate-restriction-glasses\">glasses</a></td><td style=\"color: #cccccc\">prillid</td></tr><tr><td><a href=\"CodeSystem-ee-health-certificate-restriction.html#ee-health-certificate-restriction-contact-lenses\">contact-lenses</a></td><td style=\"color: #cccccc\">kontaktläätsed</td></tr><tr><td><a href=\"CodeSystem-ee-health-certificate-restriction.html#ee-health-certificate-restriction-sun-shade\">sun-shade</a></td><td style=\"color: #cccccc\">päikesevari</td></tr><tr><td><a href=\"CodeSystem-ee-health-certificate-restriction.html#ee-health-certificate-restriction-glasses-or-lenses\">glasses-or-lenses</a></td><td style=\"color: #cccccc\">prillid või kontaktläätsed</td></tr><tr><td><a href=\"CodeSystem-ee-health-certificate-restriction.html#ee-health-certificate-restriction-specific-optical-aid\">specific-optical-aid</a></td><td style=\"color: #cccccc\">petsiifiline optiline abivahend</td></tr><tr><td><a href=\"CodeSystem-ee-health-certificate-restriction.html#ee-health-certificate-restriction-hearing-aid\">hearing-aid</a></td><td style=\"color: #cccccc\">kuuldeaparaat / suhtlemise abivahend</td></tr><tr><td><a href=\"CodeSystem-ee-health-certificate-restriction.html#ee-health-certificate-restriction-arm-prosthesis\">arm-prosthesis</a></td><td style=\"color: #cccccc\">käeprotees/-ortoos</td></tr><tr><td><a href=\"CodeSystem-ee-health-certificate-restriction.html#ee-health-certificate-restriction-leg-prosthesis\">leg-prosthesis</a></td><td style=\"color: #cccccc\">jalaprotees/-ortoos</td></tr><tr><td><a href=\"CodeSystem-ee-health-certificate-restriction.html#ee-health-certificate-restriction-daytime-driving-only\">daytime-driving-only</a></td><td style=\"color: #cccccc\">sõit üksnes päevaajal (nt üks tund pärast päikesetõusu ja üks tund enne päikeseloojangut)</td></tr><tr><td><a href=\"CodeSystem-ee-health-certificate-restriction.html#ee-health-certificate-restriction-limited-radius-driving\">limited-radius-driving</a></td><td style=\"color: #cccccc\">sõit üksnes … km raadiuses loaomaniku elukohast või üksnes linna/piirkonna piires</td></tr><tr><td><a href=\"CodeSystem-ee-health-certificate-restriction.html#ee-health-certificate-restriction-no-passenger-driving\">no-passenger-driving</a></td><td style=\"color: #cccccc\">sõit ilma kaassõitjata</td></tr><tr><td><a href=\"CodeSystem-ee-health-certificate-restriction.html#ee-health-certificate-restriction-limited-speed-driving\">limited-speed-driving</a></td><td style=\"color: #cccccc\">sõit üksnes kiirusel kuni … km/h</td></tr><tr><td><a href=\"CodeSystem-ee-health-certificate-restriction.html#ee-health-certificate-restriction-supervised-driving\">supervised-driving</a></td><td style=\"color: #cccccc\">juhtimine lubatud üksnes vähemalt sama kategooria juhiluba omava isiku saatel</td></tr><tr><td><a href=\"CodeSystem-ee-health-certificate-restriction.html#ee-health-certificate-restriction-no-trailer\">no-trailer</a></td><td style=\"color: #cccccc\">ilma haagiseta</td></tr><tr><td><a href=\"CodeSystem-ee-health-certificate-restriction.html#ee-health-certificate-restriction-no-highways\">no-highways</a></td><td style=\"color: #cccccc\">kiirteel sõitmine keelatud</td></tr><tr><td><a href=\"CodeSystem-ee-health-certificate-restriction.html#ee-health-certificate-restriction-no-alcohol\">no-alcohol</a></td><td style=\"color: #cccccc\">alkoholi tarbimine keelatud</td></tr></table></li></ul></div>"
  },
  "url" : "https://fhir.ee/hcert/ValueSet/ee-health-certificate-driver-medical-restriction",
  "version" : "1.0.0",
  "name" : "EEHealthCertificateDriverMedicalRestrictionVS",
  "title" : "Mootosõidukijuhi tervisetõendi meditsiiniline piirang",
  "status" : "active",
  "experimental" : false,
  "date" : "2025-01-27T10:00:30+00:00",
  "publisher" : "TEHIK",
  "contact" : [{
    "name" : "TEHIK",
    "telecom" : [{
      "system" : "url",
      "value" : "https://tehik.ee"
    },
    {
      "system" : "email",
      "value" : "abi@tehik.ee"
    }]
  }],
  "description" : "Piirangud mootorsõiduki juhtimiseks",
  "jurisdiction" : [{
    "coding" : [{
      "system" : "urn:iso:std:iso:3166",
      "code" : "EST",
      "display" : "Estonia"
    }]
  }],
  "compose" : {
    "include" : [{
      "system" : "https://fhir.ee/hcert/CodeSystem/ee-health-certificate-restriction",
      "concept" : [{
        "code" : "glasses"
      },
      {
        "code" : "contact-lenses"
      },
      {
        "code" : "sun-shade"
      },
      {
        "code" : "glasses-or-lenses"
      },
      {
        "code" : "specific-optical-aid"
      },
      {
        "code" : "hearing-aid"
      },
      {
        "code" : "arm-prosthesis"
      },
      {
        "code" : "leg-prosthesis"
      },
      {
        "code" : "daytime-driving-only"
      },
      {
        "code" : "limited-radius-driving"
      },
      {
        "code" : "no-passenger-driving"
      },
      {
        "code" : "limited-speed-driving"
      },
      {
        "code" : "supervised-driving"
      },
      {
        "code" : "no-trailer"
      },
      {
        "code" : "no-highways"
      },
      {
        "code" : "no-alcohol"
      }]
    }]
  }
}