{
  "resourceType" : "ValueSet",
  "id" : "ee-health-certificate-usage-area",
  "text" : {
    "status" : "generated",
    "div" : "<div xmlns=\"http://www.w3.org/1999/xhtml\"><p class=\"res-header-id\"><b>Generated Narrative: ValueSet ee-health-certificate-usage-area</b></p><a name=\"ee-health-certificate-usage-area\"> </a><a name=\"hcee-health-certificate-usage-area\"> </a><a name=\"ee-health-certificate-usage-area-en-US\"> </a><ul><li>Include all codes defined in <a href=\"CodeSystem-ee-health-certificate-usage-area.html\"><code>https://fhir.ee/hcert/CodeSystem/ee-health-certificate-usage-area</code></a></li></ul></div>"
  },
  "url" : "https://fhir.ee/hcert/ValueSet/ee-health-certificate-usage-area",
  "version" : "1.0.0",
  "name" : "EEHealthCertificateUsageAreaVS",
  "title" : "Tervisetõendi kasutusala",
  "status" : "active",
  "experimental" : false,
  "date" : "2025-01-27T10:00:30+00:00",
  "publisher" : "TEHIK",
  "contact" : [{
    "name" : "TEHIK",
    "telecom" : [{
      "system" : "url",
      "value" : "https://tehik.ee"
    },
    {
      "system" : "email",
      "value" : "abi@tehik.ee"
    }]
  }],
  "jurisdiction" : [{
    "coding" : [{
      "system" : "urn:iso:std:iso:3166",
      "code" : "EST",
      "display" : "Estonia"
    }]
  }],
  "compose" : {
    "include" : [{
      "system" : "https://fhir.ee/hcert/CodeSystem/ee-health-certificate-usage-area"
    }]
  }
}