{
  "codeSystems" : [
    {
      "url" : "https://fhir.ee/hcert/ValueSet/ee-health-certificate-decision",
      "version" : "1.0.0",
      "status" : "active",
      "name" : "EEHealthCertificateDecisionVS",
      "title" : "Tervisetõendi otsus",
      "description" : null,
      "systems" : [
        "https://fhir.ee/hcert/CodeSystem/ee-health-certificate-decision"
      ]
    },
    {
      "url" : "https://fhir.ee/hcert/ValueSet/ee-health-certificate-driver-medical-restriction",
      "version" : "1.0.0",
      "status" : "active",
      "name" : "EEHealthCertificateDriverMedicalRestrictionVS",
      "title" : "Mootosõidukijuhi tervisetõendi meditsiiniline piirang",
      "description" : "Piirangud mootorsõiduki juhtimiseks",
      "systems" : [
        "https://fhir.ee/hcert/CodeSystem/ee-health-certificate-restriction"
      ]
    },
    {
      "url" : "https://fhir.ee/hcert/ValueSet/ee-health-certificate-medical-restriction",
      "version" : "1.0.0",
      "status" : "active",
      "name" : "EEHealthCertificateMedicalRestrictionVS",
      "title" : "Tervisetõendi meditsiiniline piirang",
      "description" : "Kõik piirangud",
      "systems" : [
        "https://fhir.ee/hcert/CodeSystem/ee-health-certificate-restriction"
      ]
    },
    {
      "url" : "https://fhir.ee/hcert/ValueSet/ee-health-certificate-occupational-additional-condition",
      "version" : "1.0.0",
      "status" : "active",
      "name" : "EEHealthCertificateOccupationalAdditionalConditionVS",
      "title" : "Püsiva töövõime säilitamiseks vajalik lisatingimus",
      "description" : null,
      "systems" : [
        "https://fhir.ee/hcert/CodeSystem/ee-health-certificate-occupational-additional-condition"
      ]
    },
    {
      "url" : "https://fhir.ee/hcert/ValueSet/ee-health-certificate-occupational-medical-restriction",
      "version" : "1.0.0",
      "status" : "active",
      "name" : "EEHealthCertificateOccupationalMedicalRestrictionVS",
      "title" : "Töötervishoiu tervisetõendi meditsiiniline piirang",
      "description" : "Piirangud töötamiseks",
      "systems" : [
        "https://fhir.ee/hcert/CodeSystem/ee-health-certificate-restriction"
      ]
    },
    {
      "url" : "https://fhir.ee/hcert/ValueSet/ee-health-certificate-status",
      "version" : "1.0.0",
      "status" : "active",
      "name" : "EEHealthCertificateStatusVS",
      "title" : "Tervisetõendi staatus",
      "description" : null,
      "systems" : ["http://hl7.org/fhir/composition-status"]
    },
    {
      "url" : "https://fhir.ee/hcert/ValueSet/ee-health-certificate-usage-area",
      "version" : "1.0.0",
      "status" : "active",
      "name" : "EEHealthCertificateUsageAreaVS",
      "title" : "Tervisetõendi kasutusala",
      "description" : null,
      "systems" : [
        "https://fhir.ee/hcert/CodeSystem/ee-health-certificate-usage-area"
      ]
    }
  ]
}
