{"resourceType":"ImplementationGuide","id":"ee.fhir.hcert","text":{"status":"generated","div":"<div xmlns=\"http://www.w3.org/1999/xhtml\"><p class=\"res-header-id\"><b>Generated Narrative: ImplementationGuide ee.fhir.hcert</b></p><a name=\"ee.fhir.hcert\"> </a><a name=\"hcee.fhir.hcert\"> </a><a name=\"ee.fhir.hcert-en-US\"> </a><h2>HCERT</h2><p>The official URL for this implementation guide is: </p><pre>https://fhir.ee/hcert/ImplementationGuide/ee.fhir.hcert</pre></div>"},"url":"https://fhir.ee/hcert/ImplementationGuide/ee.fhir.hcert","version":"1.0.0","name":"HCERT","title":"Tervisetõendi teenus","status":"active","date":"2025-01-27T10:00:30+00:00","publisher":"TEHIK","contact":[{"name":"TEHIK","telecom":[{"system":"url","value":"https://tehik.ee"},{"system":"email","value":"abi@tehik.ee"}]}],"jurisdiction":[{"coding":[{"system":"urn:iso:std:iso:3166","code":"EST","display":"Estonia"}]}],"packageId":"ee.fhir.hcert","license":"CC0-1.0","fhirVersion":["5.0.0"],"dependsOn":[{"id":"hl7tx","extension":[{"url":"http://hl7.org/fhir/tools/StructureDefinition/implementationguide-dependency-comment","valueMarkdown":"Automatically added as a dependency - all IGs depend on HL7 Terminology"}],"uri":"http://terminology.hl7.org/ImplementationGuide/hl7.terminology","packageId":"hl7.terminology.r5","version":"6.2.0"},{"id":"hl7ext","extension":[{"url":"http://hl7.org/fhir/tools/StructureDefinition/implementationguide-dependency-comment","valueMarkdown":"Automatically added as a dependency - all IGs depend on the HL7 Extension Pack"}],"uri":"http://hl7.org/fhir/extensions/ImplementationGuide/hl7.fhir.uv.extensions","packageId":"hl7.fhir.uv.extensions.r5","version":"5.1.0"}],"definition":{"extension":[{"url":"http://hl7.org/fhir/tools/StructureDefinition/ig-internal-dependency","valueCode":"hl7.fhir.uv.tools.r5#0.3.0"}],"grouping":[{"id":"-dyn-operationdefinition","name":"Behavior: Operation Definitions","description":"These are custom operations that can be supported by and/or invoked by systems conforming to this implementation guide."},{"id":"-str-abstractprofile","name":"Structures: Abstract Profiles","description":"These are profiles on resources or data types that describe patterns used by other profiles, but cannot be instantiated directly.  I.e. instances can conform to profiles *based* on these abstract profiles, but do not declare conformance to the abstract profiles themselves."},{"id":"-str-profile","name":"Structures: Resource Profiles","description":"These define constraints on FHIR resources for systems conforming to this implementation guide."},{"id":"-term-valueset","name":"Terminology: Value Sets","description":"These define sets of codes used by systems conforming to this implementation guide."},{"id":"-term-codesystem","name":"Terminology: Code Systems","description":"These define new code systems used by systems conforming to this implementation guide."},{"id":"-ex-example","name":"Example: Example Instances","description":"These are example instances that show what data produced and consumed by systems conforming with this implementation guide might look like."}],"resource":[{"extension":[{"url":"http://hl7.org/fhir/tools/StructureDefinition/resource-sort","valueInteger":999999999},{"url":"http://hl7.org/fhir/StructureDefinition/implementationguide-page","valueUri":"OperationDefinition-ee-health-certificate-pdf.html"}],"reference":{"reference":"OperationDefinition/ee-health-certificate-pdf"},"name":"Tervisetõendi PDF genereerimine","description":"FHIR operatsioon PDF dokumendi generereerimiseks tervisetõend (Composition) ressursi põhjal","isExample":false,"groupingId":"-dyn-operationdefinition"},{"extension":[{"url":"http://hl7.org/fhir/tools/StructureDefinition/resource-sort","valueInteger":999999999},{"url":"http://hl7.org/fhir/StructureDefinition/implementationguide-page","valueUri":"StructureDefinition-ee-health-certificate.html"}],"reference":{"reference":"StructureDefinition/ee-health-certificate"},"name":"Tervisetõend","description":"Tervisetõendi baasprofiil","isExample":false,"groupingId":"-str-abstractprofile"},{"extension":[{"url":"http://hl7.org/fhir/tools/StructureDefinition/resource-sort","valueInteger":999999999},{"url":"http://hl7.org/fhir/StructureDefinition/implementationguide-page","valueUri":"StructureDefinition-ee-health-certificate-driver.html"}],"reference":{"reference":"StructureDefinition/ee-health-certificate-driver"},"name":"Mootosõidukijuhi tervisetõend","description":"Mootosõidukijuhi tervisetõend","isExample":false,"groupingId":"-str-profile"},{"extension":[{"url":"http://hl7.org/fhir/tools/StructureDefinition/resource-sort","valueInteger":999999999},{"url":"http://hl7.org/fhir/StructureDefinition/implementationguide-page","valueUri":"StructureDefinition-HcertObservation.html"}],"reference":{"reference":"StructureDefinition/HcertObservation"},"name":"Temporary Observation","description":"Remove this profile when https://github.com/HL7/fhir-ig-publisher/issues/1018 is fixed and new IG publisher is released","isExample":false,"groupingId":"-str-profile"},{"extension":[{"url":"http://hl7.org/fhir/tools/StructureDefinition/resource-sort","valueInteger":999999999},{"url":"http://hl7.org/fhir/StructureDefinition/implementationguide-page","valueUri":"StructureDefinition-ee-health-certificate-occupational.html"}],"reference":{"reference":"StructureDefinition/ee-health-certificate-occupational"},"name":"Töötervishoiu tervisetõend","description":"Töötervishoiu tervisetõendi baasprofiil","isExample":false,"groupingId":"-str-profile"},{"extension":[{"url":"http://hl7.org/fhir/tools/StructureDefinition/resource-sort","valueInteger":999999999},{"url":"http://hl7.org/fhir/StructureDefinition/implementationguide-page","valueUri":"StructureDefinition-ee-health-certificate-occupational-employer.html"}],"reference":{"reference":"StructureDefinition/ee-health-certificate-occupational-employer"},"name":"Töötervishoiu tervisetõend tööandjale","description":"Töötervishoiu tervisetõendi profiil tööandjale kuvamiseks","isExample":false,"groupingId":"-str-profile"},{"extension":[{"url":"http://hl7.org/fhir/tools/StructureDefinition/resource-sort","valueInteger":999999999},{"url":"http://hl7.org/fhir/StructureDefinition/implementationguide-page","valueUri":"ValueSet-ee-health-certificate-driver-medical-restriction.html"}],"reference":{"reference":"ValueSet/ee-health-certificate-driver-medical-restriction"},"name":"Mootosõidukijuhi tervisetõendi meditsiiniline piirang","description":"Piirangud mootorsõiduki juhtimiseks","isExample":false,"groupingId":"-term-valueset"},{"extension":[{"url":"http://hl7.org/fhir/tools/StructureDefinition/resource-sort","valueInteger":999999999},{"url":"http://hl7.org/fhir/StructureDefinition/implementationguide-page","valueUri":"ValueSet-ee-health-certificate-occupational-additional-condition.html"}],"reference":{"reference":"ValueSet/ee-health-certificate-occupational-additional-condition"},"name":"Püsiva töövõime säilitamiseks vajalik lisatingimus","isExample":false,"groupingId":"-term-valueset"},{"extension":[{"url":"http://hl7.org/fhir/tools/StructureDefinition/resource-sort","valueInteger":999999999},{"url":"http://hl7.org/fhir/StructureDefinition/implementationguide-page","valueUri":"ValueSet-ee-health-certificate-usage-area.html"}],"reference":{"reference":"ValueSet/ee-health-certificate-usage-area"},"name":"Tervisetõendi kasutusala","isExample":false,"groupingId":"-term-valueset"},{"extension":[{"url":"http://hl7.org/fhir/tools/StructureDefinition/resource-sort","valueInteger":999999999},{"url":"http://hl7.org/fhir/StructureDefinition/implementationguide-page","valueUri":"ValueSet-ee-health-certificate-medical-restriction.html"}],"reference":{"reference":"ValueSet/ee-health-certificate-medical-restriction"},"name":"Tervisetõendi meditsiiniline piirang","description":"Kõik piirangud","isExample":false,"groupingId":"-term-valueset"},{"extension":[{"url":"http://hl7.org/fhir/tools/StructureDefinition/resource-sort","valueInteger":999999999},{"url":"http://hl7.org/fhir/StructureDefinition/implementationguide-page","valueUri":"ValueSet-ee-health-certificate-decision.html"}],"reference":{"reference":"ValueSet/ee-health-certificate-decision"},"name":"Tervisetõendi otsus","isExample":false,"groupingId":"-term-valueset"},{"extension":[{"url":"http://hl7.org/fhir/tools/StructureDefinition/resource-sort","valueInteger":999999999},{"url":"http://hl7.org/fhir/StructureDefinition/implementationguide-page","valueUri":"ValueSet-ee-health-certificate-status.html"}],"reference":{"reference":"ValueSet/ee-health-certificate-status"},"name":"Tervisetõendi staatus","isExample":false,"groupingId":"-term-valueset"},{"extension":[{"url":"http://hl7.org/fhir/tools/StructureDefinition/resource-sort","valueInteger":999999999},{"url":"http://hl7.org/fhir/StructureDefinition/implementationguide-page","valueUri":"ValueSet-ee-health-certificate-occupational-medical-restriction.html"}],"reference":{"reference":"ValueSet/ee-health-certificate-occupational-medical-restriction"},"name":"Töötervishoiu tervisetõendi meditsiiniline piirang","description":"Piirangud töötamiseks","isExample":false,"groupingId":"-term-valueset"},{"extension":[{"url":"http://hl7.org/fhir/tools/StructureDefinition/resource-sort","valueInteger":999999999},{"url":"http://hl7.org/fhir/StructureDefinition/implementationguide-page","valueUri":"CodeSystem-ee-health-certificate-occupational-additional-condition.html"}],"reference":{"reference":"CodeSystem/ee-health-certificate-occupational-additional-condition"},"name":"Püsiva töövõime säilitamiseks vajalik lisatingimus","isExample":false,"groupingId":"-term-codesystem"},{"extension":[{"url":"http://hl7.org/fhir/tools/StructureDefinition/resource-sort","valueInteger":999999999},{"url":"http://hl7.org/fhir/StructureDefinition/implementationguide-page","valueUri":"CodeSystem-ee-health-certificate-usage-area.html"}],"reference":{"reference":"CodeSystem/ee-health-certificate-usage-area"},"name":"Tervisetõendi kasutusala","isExample":false,"groupingId":"-term-codesystem"},{"extension":[{"url":"http://hl7.org/fhir/tools/StructureDefinition/resource-sort","valueInteger":999999999},{"url":"http://hl7.org/fhir/StructureDefinition/implementationguide-page","valueUri":"CodeSystem-ee-health-certificate-decision.html"}],"reference":{"reference":"CodeSystem/ee-health-certificate-decision"},"name":"Tervisetõendi otsus","isExample":false,"groupingId":"-term-codesystem"},{"extension":[{"url":"http://hl7.org/fhir/tools/StructureDefinition/resource-sort","valueInteger":999999999},{"url":"http://hl7.org/fhir/StructureDefinition/implementationguide-page","valueUri":"CodeSystem-ee-health-certificate-restriction.html"}],"reference":{"reference":"CodeSystem/ee-health-certificate-restriction"},"name":"Tervisetõendi piirang","description":"Piirangute nimekiri erinevate kasutusalade lõikes","isExample":false,"groupingId":"-term-codesystem"},{"extension":[{"url":"http://hl7.org/fhir/tools/StructureDefinition/resource-sort","valueInteger":999999999},{"url":"http://hl7.org/fhir/StructureDefinition/implementationguide-page","valueUri":"CodeSystem-ee-health-certificate-section.html"}],"reference":{"reference":"CodeSystem/ee-health-certificate-section"},"name":"Tervisetõendi sektsioon","isExample":false,"groupingId":"-term-codesystem"},{"extension":[{"url":"http://hl7.org/fhir/tools/StructureDefinition/resource-sort","valueInteger":999999999},{"url":"http://hl7.org/fhir/StructureDefinition/implementationguide-page","valueUri":"Practitioner-pract1.html"}],"reference":{"reference":"Practitioner/pract1"},"name":"Arsti näidis","isExample":true,"groupingId":"-ex-example"},{"extension":[{"url":"http://hl7.org/fhir/tools/StructureDefinition/resource-sort","valueInteger":999999999},{"url":"http://hl7.org/fhir/StructureDefinition/implementationguide-page","valueUri":"Organization-org1.html"}],"reference":{"reference":"Organization/org1"},"name":"Asutuse näidis","isExample":true,"groupingId":"-ex-example"},{"extension":[{"url":"http://hl7.org/fhir/tools/StructureDefinition/resource-sort","valueInteger":999999999},{"url":"http://hl7.org/fhir/StructureDefinition/implementationguide-page","valueUri":"QuestionnaireResponse-qre-200.html"}],"reference":{"reference":"QuestionnaireResponse/qre-200"},"name":"Küsimustiku vastuse näidis","isExample":true,"groupingId":"-ex-example"},{"extension":[{"url":"http://hl7.org/fhir/tools/StructureDefinition/resource-sort","valueInteger":999999999},{"url":"http://hl7.org/fhir/StructureDefinition/implementationguide-page","valueUri":"Composition-section-300.html"}],"reference":{"reference":"Composition/section-300"},"name":"Mootorsõiduki juhtimise tervisetõendi näidis","isExample":true,"profile":["https://fhir.ee/hcert/StructureDefinition/ee-health-certificate-driver"],"groupingId":"-ex-example"},{"extension":[{"url":"http://hl7.org/fhir/tools/StructureDefinition/resource-sort","valueInteger":999999999},{"url":"http://hl7.org/fhir/StructureDefinition/implementationguide-page","valueUri":"Patient-pat1.html"}],"reference":{"reference":"Patient/pat1"},"name":"Patsiendi näidis","isExample":true,"groupingId":"-ex-example"},{"extension":[{"url":"http://hl7.org/fhir/tools/StructureDefinition/resource-sort","valueInteger":999999999},{"url":"http://hl7.org/fhir/StructureDefinition/implementationguide-page","valueUri":"Composition-section-100.html"}],"reference":{"reference":"Composition/section-100"},"name":"Töötervishoiu tervisetõendi näidis","isExample":true,"profile":["https://fhir.ee/hcert/StructureDefinition/ee-health-certificate-occupational"],"groupingId":"-ex-example"}],"page":{"sourceUrl":"toc.html","name":"toc.html","title":"Table of Contents","generation":"html","page":[{"sourceUrl":"index.html","name":"index.html","title":"Sissejuhatus","generation":"markdown"},{"sourceUrl":"contact.html","name":"contact.html","title":"Kontaktid","generation":"markdown"},{"sourceUrl":"download.html","name":"download.html","title":"Allalaadimised","generation":"markdown"},{"sourceUrl":"profiles.html","name":"profiles.html","title":"Profiilid","generation":"markdown"},{"sourceUrl":"artifacts.html","name":"artifacts.html","title":"Artifacts Summary","generation":"html","page":[{"sourceUrl":"OperationDefinition-ee-health-certificate-pdf.html","name":"OperationDefinition-ee-health-certificate-pdf.html","title":"Tervisetõendi PDF genereerimine","generation":"generated"},{"sourceUrl":"StructureDefinition-ee-health-certificate.html","name":"StructureDefinition-ee-health-certificate.html","title":"Tervisetõend","generation":"generated"},{"sourceUrl":"StructureDefinition-ee-health-certificate-driver.html","name":"StructureDefinition-ee-health-certificate-driver.html","title":"Mootosõidukijuhi tervisetõend","generation":"generated"},{"sourceUrl":"StructureDefinition-HcertObservation.html","name":"StructureDefinition-HcertObservation.html","title":"Temporary Observation","generation":"generated"},{"sourceUrl":"StructureDefinition-ee-health-certificate-occupational.html","name":"StructureDefinition-ee-health-certificate-occupational.html","title":"Töötervishoiu tervisetõend","generation":"generated"},{"sourceUrl":"StructureDefinition-ee-health-certificate-occupational-employer.html","name":"StructureDefinition-ee-health-certificate-occupational-employer.html","title":"Töötervishoiu tervisetõend tööandjale","generation":"generated"},{"sourceUrl":"ValueSet-ee-health-certificate-driver-medical-restriction.html","name":"ValueSet-ee-health-certificate-driver-medical-restriction.html","title":"Mootosõidukijuhi tervisetõendi meditsiiniline piirang","generation":"generated"},{"sourceUrl":"ValueSet-ee-health-certificate-occupational-additional-condition.html","name":"ValueSet-ee-health-certificate-occupational-additional-condition.html","title":"Püsiva töövõime säilitamiseks vajalik lisatingimus","generation":"generated"},{"sourceUrl":"ValueSet-ee-health-certificate-usage-area.html","name":"ValueSet-ee-health-certificate-usage-area.html","title":"Tervisetõendi kasutusala","generation":"generated"},{"sourceUrl":"ValueSet-ee-health-certificate-medical-restriction.html","name":"ValueSet-ee-health-certificate-medical-restriction.html","title":"Tervisetõendi meditsiiniline piirang","generation":"generated"},{"sourceUrl":"ValueSet-ee-health-certificate-decision.html","name":"ValueSet-ee-health-certificate-decision.html","title":"Tervisetõendi otsus","generation":"generated"},{"sourceUrl":"ValueSet-ee-health-certificate-status.html","name":"ValueSet-ee-health-certificate-status.html","title":"Tervisetõendi staatus","generation":"generated"},{"sourceUrl":"ValueSet-ee-health-certificate-occupational-medical-restriction.html","name":"ValueSet-ee-health-certificate-occupational-medical-restriction.html","title":"Töötervishoiu tervisetõendi meditsiiniline piirang","generation":"generated"},{"sourceUrl":"CodeSystem-ee-health-certificate-occupational-additional-condition.html","name":"CodeSystem-ee-health-certificate-occupational-additional-condition.html","title":"Püsiva töövõime säilitamiseks vajalik lisatingimus","generation":"generated"},{"sourceUrl":"CodeSystem-ee-health-certificate-usage-area.html","name":"CodeSystem-ee-health-certificate-usage-area.html","title":"Tervisetõendi kasutusala","generation":"generated"},{"sourceUrl":"CodeSystem-ee-health-certificate-decision.html","name":"CodeSystem-ee-health-certificate-decision.html","title":"Tervisetõendi otsus","generation":"generated"},{"sourceUrl":"CodeSystem-ee-health-certificate-restriction.html","name":"CodeSystem-ee-health-certificate-restriction.html","title":"Tervisetõendi piirang","generation":"generated"},{"sourceUrl":"CodeSystem-ee-health-certificate-section.html","name":"CodeSystem-ee-health-certificate-section.html","title":"Tervisetõendi sektsioon","generation":"generated"},{"sourceUrl":"Practitioner-pract1.html","name":"Practitioner-pract1.html","title":"Arsti näidis","generation":"generated"},{"sourceUrl":"Organization-org1.html","name":"Organization-org1.html","title":"Asutuse näidis","generation":"generated"},{"sourceUrl":"QuestionnaireResponse-qre-200.html","name":"QuestionnaireResponse-qre-200.html","title":"Küsimustiku vastuse näidis","generation":"generated"},{"sourceUrl":"Composition-section-300.html","name":"Composition-section-300.html","title":"Mootorsõiduki juhtimise tervisetõendi näidis","generation":"generated"},{"sourceUrl":"Patient-pat1.html","name":"Patient-pat1.html","title":"Patsiendi näidis","generation":"generated"},{"sourceUrl":"Composition-section-100.html","name":"Composition-section-100.html","title":"Töötervishoiu tervisetõendi näidis","generation":"generated"}]}]},"parameter":[{"code":{"system":"http://hl7.org/fhir/tools/CodeSystem/ig-parameters","code":"copyrightyear"},"value":"2025+"},{"code":{"system":"http://hl7.org/fhir/tools/CodeSystem/ig-parameters","code":"releaselabel"},"value":"trial-use"},{"code":{"system":"http://hl7.org/fhir/tools/CodeSystem/ig-parameters","code":"autoload-resources"},"value":"true"},{"code":{"system":"http://hl7.org/fhir/guide-parameter-code","code":"path-resource"},"value":"input/capabilities"},{"code":{"system":"http://hl7.org/fhir/guide-parameter-code","code":"path-resource"},"value":"input/examples"},{"code":{"system":"http://hl7.org/fhir/guide-parameter-code","code":"path-resource"},"value":"input/extensions"},{"code":{"system":"http://hl7.org/fhir/guide-parameter-code","code":"path-resource"},"value":"input/models"},{"code":{"system":"http://hl7.org/fhir/guide-parameter-code","code":"path-resource"},"value":"input/operations"},{"code":{"system":"http://hl7.org/fhir/guide-parameter-code","code":"path-resource"},"value":"input/profiles"},{"code":{"system":"http://hl7.org/fhir/guide-parameter-code","code":"path-resource"},"value":"input/resources"},{"code":{"system":"http://hl7.org/fhir/guide-parameter-code","code":"path-resource"},"value":"input/vocabulary"},{"code":{"system":"http://hl7.org/fhir/guide-parameter-code","code":"path-resource"},"value":"input/maps"},{"code":{"system":"http://hl7.org/fhir/guide-parameter-code","code":"path-resource"},"value":"input/testing"},{"code":{"system":"http://hl7.org/fhir/guide-parameter-code","code":"path-resource"},"value":"input/history"},{"code":{"system":"http://hl7.org/fhir/guide-parameter-code","code":"path-resource"},"value":"fsh-generated/resources"},{"code":{"system":"http://hl7.org/fhir/guide-parameter-code","code":"path-pages"},"value":"template/config"},{"code":{"system":"http://hl7.org/fhir/guide-parameter-code","code":"path-pages"},"value":"input/images"},{"code":{"system":"http://hl7.org/fhir/tools/CodeSystem/ig-parameters","code":"path-liquid"},"value":"template/liquid"},{"code":{"system":"http://hl7.org/fhir/tools/CodeSystem/ig-parameters","code":"path-liquid"},"value":"input/liquid"},{"code":{"system":"http://hl7.org/fhir/tools/CodeSystem/ig-parameters","code":"path-qa"},"value":"temp/qa"},{"code":{"system":"http://hl7.org/fhir/tools/CodeSystem/ig-parameters","code":"path-temp"},"value":"temp/pages"},{"code":{"system":"http://hl7.org/fhir/tools/CodeSystem/ig-parameters","code":"path-output"},"value":"output"},{"code":{"system":"http://hl7.org/fhir/guide-parameter-code","code":"path-tx-cache"},"value":"input-cache/txcache"},{"code":{"system":"http://hl7.org/fhir/tools/CodeSystem/ig-parameters","code":"path-suppressed-warnings"},"value":"input/ignoreWarnings.txt"},{"code":{"system":"http://hl7.org/fhir/tools/CodeSystem/ig-parameters","code":"path-history"},"value":"https://fhir.ee/hcert/history.html"},{"code":{"system":"http://hl7.org/fhir/tools/CodeSystem/ig-parameters","code":"template-html"},"value":"template-page.html"},{"code":{"system":"http://hl7.org/fhir/tools/CodeSystem/ig-parameters","code":"template-md"},"value":"template-page-md.html"},{"code":{"system":"http://hl7.org/fhir/tools/CodeSystem/ig-parameters","code":"apply-contact"},"value":"true"},{"code":{"system":"http://hl7.org/fhir/tools/CodeSystem/ig-parameters","code":"apply-context"},"value":"true"},{"code":{"system":"http://hl7.org/fhir/tools/CodeSystem/ig-parameters","code":"apply-copyright"},"value":"true"},{"code":{"system":"http://hl7.org/fhir/tools/CodeSystem/ig-parameters","code":"apply-jurisdiction"},"value":"true"},{"code":{"system":"http://hl7.org/fhir/tools/CodeSystem/ig-parameters","code":"apply-license"},"value":"true"},{"code":{"system":"http://hl7.org/fhir/tools/CodeSystem/ig-parameters","code":"apply-publisher"},"value":"true"},{"code":{"system":"http://hl7.org/fhir/tools/CodeSystem/ig-parameters","code":"apply-version"},"value":"true"},{"code":{"system":"http://hl7.org/fhir/tools/CodeSystem/ig-parameters","code":"apply-wg"},"value":"true"},{"code":{"system":"http://hl7.org/fhir/tools/CodeSystem/ig-parameters","code":"active-tables"},"value":"true"},{"code":{"system":"http://hl7.org/fhir/tools/CodeSystem/ig-parameters","code":"fmm-definition"},"value":"http://hl7.org/fhir/versions.html#maturity"},{"code":{"system":"http://hl7.org/fhir/tools/CodeSystem/ig-parameters","code":"propagate-status"},"value":"true"},{"code":{"system":"http://hl7.org/fhir/tools/CodeSystem/ig-parameters","code":"excludelogbinaryformat"},"value":"true"},{"code":{"system":"http://hl7.org/fhir/tools/CodeSystem/ig-parameters","code":"tabbed-snapshots"},"value":"true"}]}}