{
  "resourceType" : "CodeSystem",
  "id" : "ee-health-certificate-usage-area",
  "text" : {
    "status" : "generated",
    "div" : "<div xmlns=\"http://www.w3.org/1999/xhtml\"><p class=\"res-header-id\"><b>Generated Narrative: CodeSystem ee-health-certificate-usage-area</b></p><a name=\"ee-health-certificate-usage-area\"> </a><a name=\"hcee-health-certificate-usage-area\"> </a><a name=\"ee-health-certificate-usage-area-en-US\"> </a><p>This case-insensitive code system <code>https://fhir.ee/hcert/CodeSystem/ee-health-certificate-usage-area</code> defines the following codes:</p><table class=\"codes\"><tr><td style=\"white-space:nowrap\"><b>Code</b></td><td><b>Display</b></td></tr><tr><td style=\"white-space:nowrap\">occupational<a name=\"ee-health-certificate-usage-area-occupational\"> </a></td><td>Töötervishoiu tervisekontroll</td></tr><tr><td style=\"white-space:nowrap\">driver<a name=\"ee-health-certificate-usage-area-driver\"> </a></td><td>Mootorsõidukijuhi tervisekontroll</td></tr><tr><td style=\"white-space:nowrap\">diver<a name=\"ee-health-certificate-usage-area-diver\"> </a></td><td>Tuukrite tervisekontroll</td></tr><tr><td style=\"white-space:nowrap\">blaster<a name=\"ee-health-certificate-usage-area-blaster\"> </a></td><td>Lõhkaja, lõhkemeistri ja pürotehniku tervisekontroll</td></tr><tr><td style=\"white-space:nowrap\">railway<a name=\"ee-health-certificate-usage-area-railway\"> </a></td><td>Raudteetöötaja tervisekontroll</td></tr><tr><td style=\"white-space:nowrap\">foreign-intelligence<a name=\"ee-health-certificate-usage-area-foreign-intelligence\"> </a></td><td>Välisluureameti ametniku ja töötaja tervisekontroll</td></tr><tr><td style=\"white-space:nowrap\">police<a name=\"ee-health-certificate-usage-area-police\"> </a></td><td>Politseiametniku tervisekontroll</td></tr><tr><td style=\"white-space:nowrap\">prison-service<a name=\"ee-health-certificate-usage-area-prison-service\"> </a></td><td>Vanglateenistuse ametniku tervisekontroll</td></tr><tr><td style=\"white-space:nowrap\">security-police<a name=\"ee-health-certificate-usage-area-security-police\"> </a></td><td>Kaitsepolitseiameti ametniku ja töötaja tervisekontroll</td></tr><tr><td style=\"white-space:nowrap\">maritime<a name=\"ee-health-certificate-usage-area-maritime\"> </a></td><td>Meretööga seotud isikute tervisekontroll</td></tr><tr><td style=\"white-space:nowrap\">security-guard<a name=\"ee-health-certificate-usage-area-security-guard\"> </a></td><td>Turvateenistuja tervisenõuded ja tervisekontroll</td></tr><tr><td style=\"white-space:nowrap\">radiation<a name=\"ee-health-certificate-usage-area-radiation\"> </a></td><td>Kiirgustöötaja tervisekontroll</td></tr><tr><td style=\"white-space:nowrap\">rescue<a name=\"ee-health-certificate-usage-area-rescue\"> </a></td><td>Päästeteenistujate tervisekontroll</td></tr><tr><td style=\"white-space:nowrap\">volunteer-rescue<a name=\"ee-health-certificate-usage-area-volunteer-rescue\"> </a></td><td>Vabatahtliku merepäästja, päästja ja abidemineerija tervisekontroll</td></tr><tr><td style=\"white-space:nowrap\">volunteer-police<a name=\"ee-health-certificate-usage-area-volunteer-police\"> </a></td><td>Abipolitseiniku ja abipolitseinikuks astuda soovija tervisekontroll</td></tr><tr><td style=\"white-space:nowrap\">military<a name=\"ee-health-certificate-usage-area-military\"> </a></td><td>Kaitseväeteenistuse Tervisekontroll</td></tr></table></div>"
  },
  "url" : "https://fhir.ee/hcert/CodeSystem/ee-health-certificate-usage-area",
  "version" : "1.0.0",
  "name" : "EEHealthCertificateUsageArea",
  "title" : "Tervisetõendi kasutusala",
  "status" : "active",
  "experimental" : false,
  "date" : "2025-01-27T10:00:30+00:00",
  "publisher" : "TEHIK",
  "contact" : [{
    "name" : "TEHIK",
    "telecom" : [{
      "system" : "url",
      "value" : "https://tehik.ee"
    },
    {
      "system" : "email",
      "value" : "abi@tehik.ee"
    }]
  }],
  "jurisdiction" : [{
    "coding" : [{
      "system" : "urn:iso:std:iso:3166",
      "code" : "EST",
      "display" : "Estonia"
    }]
  }],
  "caseSensitive" : false,
  "content" : "complete",
  "count" : 16,
  "concept" : [{
    "code" : "occupational",
    "display" : "Töötervishoiu tervisekontroll"
  },
  {
    "code" : "driver",
    "display" : "Mootorsõidukijuhi tervisekontroll"
  },
  {
    "code" : "diver",
    "display" : "Tuukrite tervisekontroll"
  },
  {
    "code" : "blaster",
    "display" : "Lõhkaja, lõhkemeistri ja pürotehniku tervisekontroll"
  },
  {
    "code" : "railway",
    "display" : "Raudteetöötaja tervisekontroll"
  },
  {
    "code" : "foreign-intelligence",
    "display" : "Välisluureameti ametniku ja töötaja tervisekontroll"
  },
  {
    "code" : "police",
    "display" : "Politseiametniku tervisekontroll"
  },
  {
    "code" : "prison-service",
    "display" : "Vanglateenistuse ametniku tervisekontroll"
  },
  {
    "code" : "security-police",
    "display" : "Kaitsepolitseiameti ametniku ja töötaja tervisekontroll"
  },
  {
    "code" : "maritime",
    "display" : "Meretööga seotud isikute tervisekontroll"
  },
  {
    "code" : "security-guard",
    "display" : "Turvateenistuja tervisenõuded ja tervisekontroll"
  },
  {
    "code" : "radiation",
    "display" : "Kiirgustöötaja tervisekontroll"
  },
  {
    "code" : "rescue",
    "display" : "Päästeteenistujate tervisekontroll"
  },
  {
    "code" : "volunteer-rescue",
    "display" : "Vabatahtliku merepäästja, päästja ja abidemineerija tervisekontroll"
  },
  {
    "code" : "volunteer-police",
    "display" : "Abipolitseiniku ja abipolitseinikuks astuda soovija tervisekontroll"
  },
  {
    "code" : "military",
    "display" : "Kaitseväeteenistuse Tervisekontroll"
  }]
}